Target_Output,Parameter,S1,S1_conf,ST,ST_conf
Ein,Emax_la,0.007725640907970441,0.009088431983194784,0.08152132949993891,0.011687026274442637
Ein,Emin_la,0.020140371749773026,0.012678684363429346,0.09630038323285736,0.014343789962111346
Ein,Emax_lv,-0.02214168234786538,0.018981266923230364,0.2149245348201121,0.03351927969975051
Ein,Emin_lv,-0.008114949448069876,0.017435484553838986,0.23294764092685039,0.03384872058546918
Ein,m1_lv,-0.0546944320701466,0.020094720021235333,0.2835375232366028,0.04049131193521456
Ein,V0lv,0.030621708770896115,0.022978771759987287,0.3539145545201786,0.053142455086965724
Ein,Amax_av,0.052580525306034964,0.022745319402402778,0.35872428528575406,0.052407223773130965
Ein,Kvc_av,0.06030789953614434,0.023104580316334992,0.38565819733940465,0.05310727469052444
Ein,HR,0.11754114500107121,0.02690546519319412,0.5003857746034003,0.060868325407200254
Ein,Ca_syst,0.13789849081667524,0.0262694574436303,0.49916839365424764,0.05571207104024524
Ein,Ra_syst,0.14561028059801154,0.026552817396440363,0.4707173281509286,0.05365733478894818
Ein,Cv_syst,0.17292689261356944,0.02898175764241943,0.6154899637321434,0.06682440908969838
Ein,Rv_syst,0.19473241275951864,0.02788660050030818,0.5606776230820105,0.06411835303081369
Ein,Rmicro_max_LAD,0.1967529967528771,0.02984098970938569,0.6530366510714504,0.06835278687212454
Ein,Rmicro_max_LCX,0.1723917121058728,0.032088098066648356,0.7386351222202061,0.065878674951653
Ein,Rmicro_max_RCA,0.1753916891674219,0.03289185079514427,0.7671649499881564,0.0711725811177326
Ein,Cmicro_LAD,0.18660228673500576,0.03237018293145588,0.7009229632403438,0.0634218455353317
Ein,Cmicro_LCX,0.24465420233852295,0.03822032071326913,0.8508418163748527,0.0711313178168043
Ein,Cmicro_RCA,0.2116443006267445,0.03558600435185557,0.8116763658540841,0.07518875313483328
Ein,hypertrophy_factor,0.2447638856469461,0.03637323601396491,0.8886829250050398,0.07595889602078236
Ein,icVlv,0.3154795317367076,0.04160136671197595,0.9921583732184052,0.08322114292593004
Ein,icPa_syst,0.26671653478561885,0.038422377036920266,0.9390328994442667,0.07793393286879614
Ein,icPv_syst,0.3253044148219492,0.04068322168571421,0.9766018499504199,0.0803238597800045
VO2_total,Emax_la,0.003282412847703953,0.007627366453389877,0.08181789405442251,0.016738409981171685
VO2_total,Emin_la,0.02744172100260212,0.012042623356836816,0.14924592828860722,0.030579181046797917
VO2_total,Emax_lv,0.03805366676322503,0.021790323093604038,0.2069127966238781,0.04918281962784476
VO2_total,Emin_lv,0.06026018392638328,0.025378591401399454,0.33540937041615587,0.06822722485589963
VO2_total,m1_lv,0.0314124692640289,0.023757697592499242,0.262268169591398,0.056047201776431466
VO2_total,V0lv,0.07212066415703132,0.02519676391689811,0.41654887845774924,0.07561046574379958
VO2_total,Amax_av,0.06323216002521284,0.021461281774395637,0.3588689609932988,0.07278563318865583
VO2_total,Kvc_av,0.10761392071784144,0.028737519244620723,0.4563061889794698,0.08252876489988357
VO2_total,HR,0.13189920277249012,0.02799485624399181,0.48957684096641113,0.08280415182719336
VO2_total,Ca_syst,0.15690451575448613,0.032310734000257704,0.5209895713540647,0.07987341812850016
VO2_total,Ra_syst,0.15586840858026318,0.03198763169020234,0.46556133928024346,0.06778451891972279
VO2_total,Cv_syst,0.18120724987009734,0.03085094703269671,0.6266639741148623,0.09642376882063271
VO2_total,Rv_syst,0.17347472239435352,0.03182006813239577,0.555808993074481,0.0804752055004197
VO2_total,Rmicro_max_LAD,0.22231659650999255,0.03136057842715731,0.6630409664590319,0.09501533153919606
VO2_total,Rmicro_max_LCX,0.17906857483157104,0.03309589805086642,0.7177756701234748,0.09938145483043107
VO2_total,Rmicro_max_RCA,0.2040209754536075,0.034515885832388946,0.7728604232048069,0.0960412037936035
VO2_total,Cmicro_LAD,0.21147567349676757,0.03448287831440193,0.7101083187834235,0.09029138160481012
VO2_total,Cmicro_LCX,0.24106401114104198,0.036721311159307025,0.8519669644277128,0.09730146288563077
VO2_total,Cmicro_RCA,0.2344864284316065,0.03615095752014022,0.8482784139974592,0.11430960045834852
VO2_total,hypertrophy_factor,0.24422230010963866,0.036973300260597156,0.899063438078609,0.10690563520352298
VO2_total,icVlv,0.26245809916345153,0.03760709263157141,0.9470543492640618,0.11106815101484899
VO2_total,icPa_syst,0.2315521884760501,0.03251465770921891,0.9186415737286205,0.10783125293307042
VO2_total,icPv_syst,0.2830138993970368,0.040057480786307324,0.9791742674849332,0.11538349874112742
CO_lv,Emax_la,0.013554235362353301,0.010965448333816397,0.08276031044506509,0.007851103479022885
CO_lv,Emin_la,0.03895317394999896,0.012805600589935065,0.11721067393518628,0.01237497664425816
CO_lv,Emax_lv,0.026523305556352933,0.017630137100624298,0.1985730375229512,0.022491339160211024
CO_lv,Emin_lv,0.059175845019799035,0.018806310257101565,0.24615718135059808,0.025401061927249297
CO_lv,m1_lv,0.010361508056509067,0.01803770329108995,0.21786236820073143,0.023329620280278785
CO_lv,V0lv,0.08528409251814542,0.0237632021448982,0.34702816941154374,0.03308790998884051
CO_lv,Amax_av,0.0945141437168486,0.023731363061343783,0.3509810126834103,0.031317529408299294
CO_lv,Kvc_av,0.1424635447807203,0.02500218105805988,0.3988761329164449,0.03421895364457434
CO_lv,HR,0.19762815293969352,0.027402242946186837,0.4489961149318706,0.038991348999573405
CO_lv,Ca_syst,0.2358763249921344,0.027964644239177123,0.48771968357448353,0.03787559552380004
CO_lv,Ra_syst,0.22183909530794543,0.027204045487900542,0.4540771780889761,0.03818058961834411
CO_lv,Cv_syst,0.2767141645622395,0.0292000756196129,0.5829836636737933,0.04165982593479422
CO_lv,Rv_syst,0.2851265679118762,0.028232846114959114,0.541729881046394,0.03780072100446964
CO_lv,Rmicro_max_LAD,0.3186763681549847,0.030034510715912847,0.6207494944724077,0.04135086599807939
CO_lv,Rmicro_max_LCX,0.2818138045210841,0.03214379547000345,0.6961849855975287,0.045789905742008315
CO_lv,Rmicro_max_RCA,0.32032417857817574,0.033293047274501136,0.7750091947823582,0.04708266665371929
CO_lv,Cmicro_LAD,0.3172201506578369,0.03364123204436461,0.7265172242496807,0.04656640162189312
CO_lv,Cmicro_LCX,0.3803176361825758,0.03483935823266685,0.8587755632365618,0.0514308641387557
CO_lv,Cmicro_RCA,0.37205225699527056,0.03373511968315976,0.8272128065176978,0.04763803325047988
CO_lv,hypertrophy_factor,0.4002056367515794,0.03438437543578951,0.9134085476644339,0.050226989854241365
CO_lv,icVlv,0.43375716722372537,0.03500511384339575,0.9723623576677106,0.05083992867867591
CO_lv,icPa_syst,0.4055146277206431,0.03492014945445602,0.9234141416675453,0.049892338320386594
CO_lv,icPv_syst,0.4709373972488239,0.035717881119841526,0.9968663002683944,0.05227097581416567
Pa_syst_mean,Emax_la,0.01693709886882409,0.01134217597362652,0.10411158978975295,0.012493214996459888
Pa_syst_mean,Emin_la,0.024163491656295232,0.012591505641859945,0.10439891881470224,0.013017605339538696
Pa_syst_mean,Emax_lv,-0.015390358266691235,0.0158886440639743,0.17779385363724087,0.021309639666607993
Pa_syst_mean,Emin_lv,0.006794095019199792,0.0179913074272524,0.2303188140886951,0.02419817487012484
Pa_syst_mean,m1_lv,-0.05408733546264432,0.019735739311423455,0.26690742440742354,0.026054810725771694
Pa_syst_mean,V0lv,0.04260703701380553,0.02272684004211659,0.3412259551230794,0.031903436862032696
Pa_syst_mean,Amax_av,0.0777548084162065,0.023147262118609062,0.37318837560494716,0.03198873641055556
Pa_syst_mean,Kvc_av,0.08391356771877423,0.023021178740829762,0.37219914614421906,0.03249107311062719
Pa_syst_mean,HR,0.13979978738602017,0.025966244746565226,0.42885378483316394,0.036419816538457814
Pa_syst_mean,Ca_syst,0.16420348743807278,0.026871248439116115,0.4683252890796766,0.03756365861658446
Pa_syst_mean,Ra_syst,0.18386635673058888,0.02782034831686414,0.48491851158503196,0.03995022800742703
Pa_syst_mean,Cv_syst,0.20341873786898437,0.028307168016258613,0.5653523300203926,0.04096999145782466
Pa_syst_mean,Rv_syst,0.24958884810756565,0.028294423097536724,0.5030614549539009,0.03792316412864405
Pa_syst_mean,Rmicro_max_LAD,0.23302990055329856,0.030503267810566243,0.6054757937563937,0.04193345755863955
Pa_syst_mean,Rmicro_max_LCX,0.19088208865942255,0.03330136189487247,0.7050010903195361,0.04546157053219006
Pa_syst_mean,Rmicro_max_RCA,0.21076383246785144,0.03384536630344626,0.7602297991442775,0.04671949748378503
Pa_syst_mean,Cmicro_LAD,0.25272528259102756,0.035551294033372934,0.7476617971157108,0.04777408116830834
Pa_syst_mean,Cmicro_LCX,0.28103766111540984,0.035987239461219615,0.8623774063684523,0.05239872591964775
Pa_syst_mean,Cmicro_RCA,0.23874478457309792,0.03390238040578775,0.7963277268083913,0.04799137516346106
Pa_syst_mean,hypertrophy_factor,0.2923608247095429,0.03622504362642269,0.8996022202538919,0.05071689598075981
Pa_syst_mean,icVlv,0.3505612540962047,0.03779719993269672,0.9781843191311572,0.05238616734605761
Pa_syst_mean,icPa_syst,0.3276204611080638,0.037670708134343485,0.9466384529410627,0.05273057201975449
Pa_syst_mean,icPv_syst,0.4074569795311094,0.03872142190702269,1.0115833298182162,0.05440688137341946
DeltaE,Emax_la,0.0035640316494434856,0.008400125879566555,0.10254543693811091,0.019254881196515954
DeltaE,Emin_la,0.0095765977348225,0.009397493500283512,0.11764348725899988,0.024112635276427912
DeltaE,Emax_lv,-0.018719071299614365,0.022775445809439094,0.2631811244063879,0.0541644239115963
DeltaE,Emin_lv,-0.01819383276722194,0.02571409923602512,0.3509686192031974,0.0761589033350456
DeltaE,m1_lv,-0.02755958253949283,0.02400174145194601,0.29845790903186725,0.0582481532838833
DeltaE,V0lv,0.024450113870734286,0.024964996004073835,0.4131445118238063,0.05460163136411428
DeltaE,Amax_av,0.03046607531417553,0.02285262312833999,0.39986229502961096,0.051239454024504104
DeltaE,Kvc_av,0.025437729880983827,0.02871754301564847,0.4582155518642265,0.07170044574617165
DeltaE,HR,0.07258060028961077,0.029568113523999663,0.5535891151057134,0.07735360643372667
DeltaE,Ca_syst,0.06707659953767238,0.03215285870558291,0.5546028810752316,0.08566834897584041
DeltaE,Ra_syst,0.08290012719059409,0.03307028875832027,0.5259601540790035,0.07738731332748046
DeltaE,Cv_syst,0.09172494048790633,0.03118281189386201,0.6991093594879306,0.10378121007685943
DeltaE,Rv_syst,0.10397401421341496,0.0318566273366302,0.614663854529653,0.07755737840883171
DeltaE,Rmicro_max_LAD,0.1166354769736319,0.03144512791351201,0.7166278283757885,0.08888817431406111
DeltaE,Rmicro_max_LCX,0.09466113557155795,0.03553225267926614,0.8214857049505431,0.10513257594540451
DeltaE,Rmicro_max_RCA,0.09517985888031452,0.03361783607454267,0.8147493719347062,0.09619888101423349
DeltaE,Cmicro_LAD,0.09723603696160601,0.03324703124974727,0.7441372173633946,0.08927062770870356
DeltaE,Cmicro_LCX,0.131821882898399,0.03566258961710671,0.9236080617647334,0.10387514908147573
DeltaE,Cmicro_RCA,0.1149185919319395,0.03514350776052665,0.9199640517219057,0.11193327825605376
DeltaE,hypertrophy_factor,0.13649080061662236,0.03605852871783934,0.9407428380032455,0.09390369410190759
DeltaE,icVlv,0.17481560504477858,0.03791719230906669,1.0223900331109834,0.0981862297207787
DeltaE,icPa_syst,0.1439093662827218,0.034201502226062275,1.0105789053125782,0.10091186883655663
DeltaE,icPv_syst,0.1782336462158566,0.03757737817170829,1.0269948624666922,0.10573222674759249
