Target_Output,Param_1,Param_2,S2,S2_conf
CO_lv,Emax_la,icVlv,0.7856186171860504,0.07915303248318953
CO_lv,Emax_la,icPa_syst,0.7800830356721199,0.07928216867045094
CO_lv,Emax_lv,icVlv,0.710336459220527,0.08151765664265043
CO_lv,Emax_la,hypertrophy_factor,0.7079324547847186,0.07318193599388696
CO_lv,Emin_la,icVlv,0.7057072229727226,0.07328661094701452
CO_lv,Emax_lv,icPa_syst,0.7050837429871241,0.08042501180768892
CO_lv,Emin_la,icPa_syst,0.7036867179282634,0.07251650226247451
CO_lv,Emax_la,icPv_syst,0.6938474663162673,0.07571613047698968
CO_lv,Emax_la,Cmicro_LCX,0.6729173019143895,0.07127615845416659
CO_lv,Emin_la,hypertrophy_factor,0.6721784971014646,0.07013670986650021
CO_lv,Emin_la,Cmicro_LCX,0.6415951866470728,0.06844176256714472
CO_lv,Emax_lv,hypertrophy_factor,0.6225372768426614,0.07470278319904079
CO_lv,Emax_lv,icPv_syst,0.6177452399178684,0.07704754141652928
CO_lv,Emax_la,Cmicro_RCA,0.6168994322447715,0.06930425668155268
CO_lv,Emin_la,icPv_syst,0.6167299306088205,0.06994841538644696
CO_lv,m1_lv,icVlv,0.6151125249534091,0.07730016006411244
CO_lv,m1_lv,icPa_syst,0.607958720845651,0.07666208086875435
CO_lv,Emax_la,Rmicro_max_LCX,0.5974659215393348,0.06567222179857571
CO_lv,Emin_lv,icVlv,0.5934521821361379,0.07559678998727101
CO_lv,Emax_lv,Cmicro_LCX,0.5919418249808895,0.07293520200283317
CO_lv,Emin_lv,icPa_syst,0.5867064133759905,0.07450519530722184
CO_lv,Emin_la,Cmicro_RCA,0.585470325915895,0.0660142229877701
CO_lv,Emin_la,Rmicro_max_LCX,0.5649823457075034,0.06239670635996236
CO_lv,V0lv,icVlv,0.5630222458085883,0.07669473464354466
CO_lv,V0lv,icPa_syst,0.557384856265487,0.07618728320903058
CO_lv,Emax_la,Rmicro_max_RCA,0.5561271544057111,0.06548693332109787
CO_lv,Emax_lv,Cmicro_RCA,0.5344485643336181,0.07051977455240535
CO_lv,m1_lv,hypertrophy_factor,0.533312859425316,0.07077400840697494
CO_lv,m1_lv,icPv_syst,0.525019654888474,0.07378005466592569
CO_lv,Emax_la,Cmicro_LAD,0.5246985389866418,0.060820840077734084
CO_lv,Emin_la,Rmicro_max_RCA,0.5235586391413293,0.062187116808588315
CO_lv,m1_lv,Cmicro_LCX,0.516223472953486,0.0695957076866974
CO_lv,Emax_lv,Rmicro_max_LCX,0.5115408157677594,0.06700558201621738
CO_lv,Emin_lv,hypertrophy_factor,0.5054653520448694,0.06835290233353819
CO_lv,Emin_lv,icPv_syst,0.5037376663852613,0.07097470717075058
CO_lv,Emin_la,Cv_syst,0.49584651416317704,0.05797347031669318
CO_lv,Emin_la,Cmicro_LAD,0.4955557526508142,0.05872014735933898
CO_lv,Emin_lv,Cmicro_LCX,0.4946115853394336,0.06749262390216816
CO_lv,Emax_la,Cv_syst,0.4918654688025328,0.05882598855453263
CO_lv,V0lv,hypertrophy_factor,0.4908661179258227,0.07066999120206197
CO_lv,Emin_la,Rmicro_max_LAD,0.48744774876906294,0.059915613753821206
CO_lv,V0lv,Cmicro_LCX,0.48163571232324975,0.06985716699393903
CO_lv,Emax_la,Rmicro_max_LAD,0.47974640423430903,0.060226452573083414
CO_lv,V0lv,icPv_syst,0.47505222463684954,0.07324587156057054
CO_lv,Emin_la,Rv_syst,0.4738054613629951,0.05791976227197938
CO_lv,Emax_lv,Rmicro_max_RCA,0.4731389575154846,0.0676620463012057
CO_lv,Emax_la,Rv_syst,0.469862100214312,0.05895905167173909
CO_lv,m1_lv,Cmicro_RCA,0.46779668775838024,0.06732430388688732
CO_lv,Emin_lv,Cmicro_RCA,0.4488636403710471,0.06549784861700612
CO_lv,Emax_lv,Cmicro_LAD,0.44612409906558337,0.0633553942865517
CO_lv,Amax_av,icVlv,0.4450078475119875,0.07222780418379746
CO_lv,Emax_lv,Cv_syst,0.43702034596105743,0.062174410566681035
CO_lv,Emin_la,HR,0.433768645681755,0.05255078214874434
CO_lv,V0lv,Cmicro_RCA,0.4326840415081401,0.06779011073378743
CO_lv,Emax_lv,Rmicro_max_LAD,0.4312050642964965,0.06366927996986702
CO_lv,Amax_av,icPa_syst,0.43105816262655405,0.070193338296793
CO_lv,m1_lv,Rmicro_max_LCX,0.42910381093037037,0.0634664455595257
CO_lv,Emax_la,HR,0.4203476926129158,0.0507295671389069
CO_lv,Kvc_av,icVlv,0.4169539930296402,0.07358166572786362
CO_lv,Emin_la,Amax_av,0.4153580416026713,0.04919810531317745
CO_lv,Emax_lv,Rv_syst,0.41424353109710504,0.061371457283630096
CO_lv,Emin_lv,Rmicro_max_LCX,0.41346268139385217,0.06077969642890029
CO_lv,V0lv,Rmicro_max_LCX,0.4119863126499122,0.06481792448703694
CO_lv,Kvc_av,icPa_syst,0.4031241406944661,0.07150631264477605
CO_lv,Emax_la,Amax_av,0.40236227744157316,0.047187888679658556
CO_lv,Emin_la,V0lv,0.40169357964114444,0.04924679264907244
CO_lv,Emin_la,Kvc_av,0.39300874570690736,0.04968541060681694
CO_lv,Emin_la,Ra_syst,0.39074077720590333,0.050008830294152845
CO_lv,Emax_la,V0lv,0.38921049859362983,0.04666994659953024
CO_lv,m1_lv,Cmicro_LAD,0.38245610980687006,0.060339632617257395
CO_lv,Emax_la,Kvc_av,0.38002888703782856,0.047314738488940786
CO_lv,m1_lv,Rmicro_max_RCA,0.3795077602627477,0.06367857790268623
CO_lv,Emax_la,Ra_syst,0.37616988706446625,0.04760184464236772
CO_lv,Emin_lv,Cmicro_LAD,0.3676709759582544,0.057820496767550925
CO_lv,Kvc_av,hypertrophy_factor,0.3676117952944683,0.06745896334788196
CO_lv,Amax_av,hypertrophy_factor,0.36470788528417963,0.06448460579404587
CO_lv,V0lv,Cmicro_LAD,0.364384251394532,0.061526968094390816
CO_lv,V0lv,Rmicro_max_RCA,0.3612479069440352,0.06457737535478099
CO_lv,Emin_lv,Rmicro_max_RCA,0.3602050303195624,0.06088428607935829
CO_lv,Emin_la,Ca_syst,0.35774232678981077,0.052310671780160745
CO_lv,Emax_lv,HR,0.35598297928211675,0.053219777122706
CO_lv,Emax_la,m1_lv,0.34879857569952405,0.041501436572210545
CO_lv,Amax_av,icPv_syst,0.34734355418508517,0.06671381548171308
CO_lv,Emax_la,Ca_syst,0.3467454082133309,0.0506102769704624
CO_lv,Kvc_av,Cmicro_LCX,0.3460130366196509,0.06636979460316705
CO_lv,Amax_av,Cmicro_LCX,0.34310198259189195,0.0633099575433624
CO_lv,Emax_lv,Amax_av,0.3382021810718857,0.04832269587991783
CO_lv,Emin_lv,Cv_syst,0.33037369322365107,0.057452655507773634
CO_lv,m1_lv,Amax_av,0.3221164958800721,0.04610165518370862
CO_lv,Kvc_av,icPv_syst,0.3209664189122206,0.06817783002305439
CO_lv,Emin_lv,Rmicro_max_LAD,0.32035623329670115,0.05886097496947571
CO_lv,Emax_lv,m1_lv,0.31847462781205893,0.048177028973782496
CO_lv,Emax_lv,Ra_syst,0.31616749331851873,0.05175289389660584
CO_lv,Emax_lv,Kvc_av,0.3140324110746984,0.05055589070300419
CO_lv,m1_lv,Cv_syst,0.3109758533234639,0.05666970094048667
CO_lv,Kvc_av,Cmicro_RCA,0.3102388382755764,0.06551409496882789
CO_lv,Amax_av,Cmicro_RCA,0.3094480481248547,0.06265248194921468
CO_lv,Emin_lv,Rv_syst,0.30909891973130327,0.05665404381265192
CO_lv,Emax_lv,V0lv,0.30349178264736304,0.04956651746214719
CO_lv,Emin_la,Emax_lv,0.30345561778382074,0.04345153154219468
CO_lv,m1_lv,V0lv,0.30289565828654763,0.04702978963608903
CO_lv,m1_lv,Rmicro_max_LAD,0.30139212638723933,0.0579600549128555
CO_lv,Emax_la,Emin_la,0.29586695287902415,0.03968353755935008
CO_lv,HR,icVlv,0.29438230439466695,0.07248414502928933
CO_lv,m1_lv,Rv_syst,0.29394852973473623,0.05558140006797296
CO_lv,V0lv,Cv_syst,0.2935640292018692,0.05824653874351731
CO_lv,Emin_la,m1_lv,0.28950833937819886,0.042300371601584064
CO_lv,V0lv,Rmicro_max_LAD,0.2842630305706334,0.05919400247627464
CO_lv,HR,icPa_syst,0.2840646179860421,0.07038564849757807
CO_lv,Emax_la,Emax_lv,0.27851678429264903,0.04003566665523485
CO_lv,Emax_lv,Ca_syst,0.2771232368827209,0.05306899017925659
CO_lv,Emin_lv,m1_lv,0.2739484220179525,0.04790137353556243
CO_lv,V0lv,Rv_syst,0.2727848489204931,0.05778684703424821
CO_lv,Amax_av,Rmicro_max_LCX,0.26557798160245155,0.057450211957209486
CO_lv,Kvc_av,Rmicro_max_LCX,0.2642690406253642,0.0611330750408839
CO_lv,Emin_lv,Ra_syst,0.26036294975707136,0.04935272283922324
CO_lv,Emax_lv,Emin_lv,0.25616361801159654,0.046730488124381686
CO_lv,HR,hypertrophy_factor,0.2528423108836102,0.06653595380256654
CO_lv,Emin_la,Emin_lv,0.2524829685891875,0.04204682087398267
CO_lv,Emin_lv,HR,0.24998015634440543,0.049159745465539285
CO_lv,m1_lv,Ra_syst,0.2446277862758891,0.048847812863584604
CO_lv,m1_lv,HR,0.23376878600916892,0.048633143756926116
CO_lv,Emax_la,Emin_lv,0.23163500981156143,0.03931418084805205
CO_lv,V0lv,Ra_syst,0.22557538902918706,0.05062517324253523
CO_lv,HR,Cmicro_LCX,0.22372483921387687,0.06528024626336791
CO_lv,Kvc_av,Cmicro_LAD,0.2229832899180194,0.057991832553318884
CO_lv,Amax_av,Cmicro_LAD,0.2224133942458546,0.05405335835089858
CO_lv,Emin_lv,V0lv,0.2210454655751628,0.04601322365012515
CO_lv,Amax_av,Rmicro_max_RCA,0.2163060431653383,0.05753800799391356
CO_lv,Emin_lv,Kvc_av,0.2141473216920517,0.046502941717849175
CO_lv,Kvc_av,Rmicro_max_RCA,0.21352689295532312,0.061131086898521
CO_lv,Emin_lv,Amax_av,0.209699485827383,0.044176646148194346
CO_lv,HR,icPv_syst,0.20181030469942224,0.06693550376612609
CO_lv,m1_lv,Kvc_av,0.20075748283185635,0.045085802729461166
CO_lv,V0lv,HR,0.2000874872649395,0.04991747915917002
CO_lv,HR,Cmicro_RCA,0.19153014707101612,0.06448752951988468
CO_lv,Emin_lv,Ca_syst,0.1794357754920138,0.0490876846049666
CO_lv,Ca_syst,icVlv,0.17928459583110679,0.06438827624131763
CO_lv,V0lv,Amax_av,0.1754752475883539,0.046856513293238894
CO_lv,V0lv,Kvc_av,0.17391554224387706,0.04760926993403464
CO_lv,m1_lv,Ca_syst,0.16113789837108036,0.04846227036542014
CO_lv,Ca_syst,icPa_syst,0.1558979839452348,0.062240865538241784
CO_lv,Ra_syst,icVlv,0.15417797991895998,0.0653974094813054
CO_lv,Amax_av,Cv_syst,0.149615039255505,0.05067020995798194
CO_lv,Kvc_av,Cv_syst,0.147560772647085,0.054692631087027634
CO_lv,Cv_syst,icVlv,0.1473682730740311,0.07031486062648118
CO_lv,V0lv,Ca_syst,0.14273114069988865,0.05016750820581729
CO_lv,Amax_av,Rmicro_max_LAD,0.13674059982269704,0.05138360594198483
CO_lv,Kvc_av,Rmicro_max_LAD,0.13572630033074695,0.05598687527908394
CO_lv,HR,Rmicro_max_LCX,0.13432790542090073,0.05887031614039826
CO_lv,Amax_av,Rv_syst,0.13171592518804992,0.05035401474532448
CO_lv,Kvc_av,Rv_syst,0.13088138803543686,0.05504150523280685
CO_lv,Ra_syst,icPa_syst,0.12940148899111031,0.06300392346153569
CO_lv,Ca_syst,hypertrophy_factor,0.1250987249543254,0.05998746727716521
CO_lv,Cv_syst,icPa_syst,0.11764198333663534,0.0685525095744093
CO_lv,Ca_syst,icPv_syst,0.1018783256899341,0.061110605159538756
CO_lv,Ca_syst,Cmicro_LCX,0.10160948723448537,0.05909091282259547
CO_lv,HR,Cmicro_LAD,0.09012754454871552,0.056165098855244136
CO_lv,Kvc_av,HR,0.08993891053287759,0.04854621378724613
CO_lv,HR,Rmicro_max_RCA,0.08634909969869342,0.05914907763112657
CO_lv,Amax_av,Kvc_av,0.08553254916975409,0.043222091940098274
CO_lv,Amax_av,Ra_syst,0.08006936364400458,0.042839919482729714
CO_lv,Ra_syst,icPv_syst,0.07673435915230103,0.06198043749958827
CO_lv,Amax_av,HR,0.07314335696381238,0.04329429687977965
CO_lv,Ca_syst,Cmicro_RCA,0.06851461187273267,0.05835117006993572
CO_lv,Cv_syst,icPv_syst,0.06761488436768864,0.06723418114182583
CO_lv,Ra_syst,hypertrophy_factor,0.06052575559350609,0.05578866785382751
CO_lv,Cv_syst,hypertrophy_factor,0.05217503154321668,0.06154781433569203
CO_lv,Ra_syst,Cmicro_LCX,0.03665373773078634,0.05523037218593604
CO_lv,Cv_syst,Cmicro_LCX,0.02855268125575494,0.061058782631068044
CO_lv,Ca_syst,Cmicro_LAD,0.01531425699107214,0.05403651681050314
CO_lv,Ca_syst,Rmicro_max_LCX,0.012793992438283885,0.05280153291970953
DeltaE,Emax_la,icPa_syst,0.7452840303729276,0.11618155452481468
DeltaE,Emax_lv,icPa_syst,0.7435211697052186,0.11961033588154345
DeltaE,Emax_la,icVlv,0.7088161827627919,0.11785498383777211
DeltaE,Emax_lv,icVlv,0.6993563098985566,0.11928841265050918
DeltaE,m1_lv,icPa_syst,0.6756408472300988,0.11370123826177933
DeltaE,Emin_la,icPa_syst,0.6669766303442849,0.1045355942322851
DeltaE,Emax_la,Cmicro_LCX,0.6398827025523921,0.10068830483793767
DeltaE,Emax_la,icPv_syst,0.6394001691136971,0.10613500304260141
DeltaE,m1_lv,icVlv,0.633804713128596,0.114572891426044
DeltaE,Emax_lv,Cmicro_LCX,0.6324837316082574,0.10245885677082514
DeltaE,Emax_lv,icPv_syst,0.6297627991191713,0.10689562362302636
DeltaE,Emax_la,hypertrophy_factor,0.6244046885253166,0.10088766881930157
DeltaE,Emin_la,icVlv,0.62029096529445,0.10555992364786074
DeltaE,Emax_lv,hypertrophy_factor,0.6173990543677862,0.10371625521134958
DeltaE,Emin_lv,icPa_syst,0.6165974152924037,0.10565047084348272
DeltaE,Emin_la,Cmicro_LCX,0.6022073872875053,0.09659903536902563
DeltaE,Emin_la,hypertrophy_factor,0.5937897346986458,0.09772505866698583
DeltaE,Emin_lv,icVlv,0.5825432174851923,0.10726694433613267
DeltaE,Emax_lv,Cmicro_RCA,0.5801372475480786,0.09749918352306843
DeltaE,Emax_la,Cmicro_RCA,0.569848530804207,0.09297681090314129
DeltaE,m1_lv,Cmicro_LCX,0.5666267650668781,0.09709866600198581
DeltaE,m1_lv,hypertrophy_factor,0.5641860265737659,0.10010996273569212
DeltaE,Emin_la,icPv_syst,0.562456230308672,0.09380295518050127
DeltaE,m1_lv,icPv_syst,0.5542254421463623,0.10271363056509364
DeltaE,Emin_la,Cmicro_RCA,0.546681054471634,0.08996505333947477
DeltaE,V0lv,icPa_syst,0.543668369925412,0.10142294588377414
DeltaE,Emax_la,Rmicro_max_RCA,0.5243214812868728,0.08946571804806835
DeltaE,Kvc_av,icPa_syst,0.5241640443404235,0.1061539596489859
DeltaE,Emin_lv,icPv_syst,0.521974407590095,0.09866970977584796
DeltaE,Emax_lv,Rmicro_max_RCA,0.5149052882227141,0.09122555224608662
DeltaE,m1_lv,Cmicro_RCA,0.5141269390104194,0.0910356171002704
DeltaE,V0lv,icVlv,0.5092735201876074,0.10197654871783289
DeltaE,Emin_lv,Cmicro_LCX,0.5080965116511049,0.08887323910902012
DeltaE,Amax_av,icPa_syst,0.5080733967223177,0.09854569653630481
DeltaE,V0lv,Cmicro_LCX,0.5064278627117198,0.09104439493626536
DeltaE,V0lv,hypertrophy_factor,0.5021857998588403,0.09352489228702335
DeltaE,Emin_lv,hypertrophy_factor,0.5012470875262859,0.09033491446795655
DeltaE,Emin_la,Rmicro_max_RCA,0.4905931143009075,0.0861881455098357
DeltaE,Emax_la,Rmicro_max_LCX,0.4894650035984992,0.08741896320950898
DeltaE,Kvc_av,icVlv,0.4864837245542968,0.11077229349033364
DeltaE,Emax_lv,Rmicro_max_LCX,0.4767291234718688,0.08954767891451122
DeltaE,HR,icPa_syst,0.47199707034428107,0.10136077421797854
DeltaE,Kvc_av,Cmicro_LCX,0.46935967858124333,0.09654172401283487
DeltaE,Kvc_av,hypertrophy_factor,0.4689127155798267,0.0978333393179631
DeltaE,Amax_av,icVlv,0.4678198425448342,0.10013971962672882
DeltaE,Emin_lv,Cmicro_RCA,0.46177141115385895,0.08410440575364156
DeltaE,m1_lv,Rmicro_max_LCX,0.4585674590008818,0.08834701086974127
DeltaE,V0lv,Cmicro_RCA,0.4550120882703291,0.08525735884971161
DeltaE,m1_lv,Rmicro_max_RCA,0.4539937626601151,0.08838952802854616
DeltaE,Emin_la,Rmicro_max_LCX,0.4537663483318686,0.08377694835347677
DeltaE,V0lv,Rmicro_max_LCX,0.4469319658634764,0.08605998789517204
DeltaE,Emin_lv,Rmicro_max_LCX,0.4413303463070358,0.08042185659510484
DeltaE,Emax_la,Cmicro_LAD,0.44109371024110827,0.08722234387040101
DeltaE,Kvc_av,Cmicro_RCA,0.44083644542935957,0.09245793033838236
DeltaE,V0lv,icPv_syst,0.4380015775370364,0.0910314396669716
DeltaE,V0lv,Rmicro_max_RCA,0.43286577332890025,0.0877707955420604
DeltaE,Emax_lv,Rmicro_max_LAD,0.43233568416319834,0.08333895432640694
DeltaE,HR,icVlv,0.4318156181014996,0.10471368747547682
DeltaE,Emax_lv,Cmicro_LAD,0.42685497076882345,0.08781269277841133
DeltaE,Emin_lv,Rmicro_max_RCA,0.42553340134574674,0.08255312859950854
DeltaE,Amax_av,hypertrophy_factor,0.4177939507920947,0.08949837457958064
DeltaE,Emin_la,Rmicro_max_LAD,0.41669134668794594,0.07528856275429469
DeltaE,Emax_la,Rmicro_max_LAD,0.4142727727066803,0.07811574661050226
DeltaE,Amax_av,Cmicro_LCX,0.41017115428429823,0.08548111266777446
DeltaE,Kvc_av,icPv_syst,0.4100267991436818,0.09754591822601047
DeltaE,m1_lv,Cmicro_LAD,0.4080468535251487,0.08583672804330784
DeltaE,Emin_la,Cmicro_LAD,0.4075767839779732,0.0832584307220045
DeltaE,Emax_lv,Cv_syst,0.40288234819532487,0.07487813884781723
DeltaE,HR,hypertrophy_factor,0.39649911885123335,0.09339761862733345
DeltaE,Cv_syst,icVlv,0.39629950152629045,0.09952730483367024
DeltaE,Amax_av,icPv_syst,0.3960066379493403,0.08819853576026453
DeltaE,Emin_la,Cv_syst,0.39443161250656067,0.06910913404670051
DeltaE,Emax_la,Cv_syst,0.39281691331158064,0.07133262367955498
DeltaE,HR,Cmicro_LCX,0.3883496774881258,0.08991903595535512
DeltaE,Emin_lv,Cmicro_LAD,0.38691099752826613,0.07733194680176929
DeltaE,V0lv,Cmicro_LAD,0.38683148459874506,0.08176037242760212
DeltaE,Cv_syst,icPa_syst,0.38536975212531044,0.0953056567097245
DeltaE,Emax_lv,Rv_syst,0.3845651139534635,0.07266915235294708
DeltaE,Amax_av,Cmicro_RCA,0.383408423452163,0.08102189416651001
DeltaE,Emax_la,Rv_syst,0.3751039608815699,0.07039813509215831
DeltaE,Emin_la,Rv_syst,0.37094696534207877,0.06794635382885396
DeltaE,Kvc_av,Rmicro_max_LCX,0.36830983237673603,0.08866117882263824
DeltaE,Kvc_av,Rmicro_max_RCA,0.36343961743197334,0.09330166355482714
DeltaE,HR,Cmicro_RCA,0.3619797021693087,0.08565534904022122
DeltaE,HR,icPv_syst,0.36179145223861375,0.09232661667760139
DeltaE,Kvc_av,Cmicro_LAD,0.3574030549560471,0.08981158521897202
DeltaE,Ca_syst,icVlv,0.35662520521789565,0.09114427804635859
DeltaE,m1_lv,Rmicro_max_LAD,0.3530640102916235,0.07649777251076326
DeltaE,Emin_la,HR,0.35217240287151064,0.06055798135405656
DeltaE,Ca_syst,icPa_syst,0.3516719472615696,0.08760135342590553
DeltaE,Emax_lv,HR,0.34867643478688215,0.0626347642871074
DeltaE,Emin_lv,Rmicro_max_LAD,0.34671070718540464,0.07266539414811032
DeltaE,Emax_la,HR,0.3453224967165701,0.05954994893767767
DeltaE,V0lv,Rmicro_max_LAD,0.34298532847496327,0.07478381077388603
DeltaE,Ra_syst,icVlv,0.34259630822712506,0.08635835778095112
DeltaE,Emax_lv,Ca_syst,0.33327007396008534,0.06453436167182089
DeltaE,Emin_la,Ca_syst,0.33252716442082175,0.0651886513142159
DeltaE,Amax_av,Rmicro_max_LCX,0.32884752963514313,0.07783766712912314
DeltaE,Ra_syst,icPa_syst,0.3278940648918217,0.08217297722476903
DeltaE,Emax_la,Ca_syst,0.32691009042770514,0.06363145387798513
DeltaE,m1_lv,Cv_syst,0.32644511402142473,0.06744261248936836
DeltaE,Emin_lv,Cv_syst,0.3263989321505967,0.06492855460321058
DeltaE,V0lv,Cv_syst,0.3215065072872233,0.06657116511940564
DeltaE,m1_lv,Rv_syst,0.31964328518167406,0.06766599108483431
DeltaE,Amax_av,Rmicro_max_RCA,0.31670653560567424,0.07902489101370071
DeltaE,Amax_av,Cmicro_LAD,0.3104646475119593,0.07779140456264153
DeltaE,Emin_lv,Rv_syst,0.30668475154171504,0.06278605565268772
DeltaE,Cv_syst,icPv_syst,0.3004229967970786,0.08533405974782925
DeltaE,V0lv,Rv_syst,0.2986750603596019,0.0646606800806708
DeltaE,Emax_lv,Ra_syst,0.2929743722045064,0.058646121273998555
DeltaE,Cv_syst,hypertrophy_factor,0.28133268631976016,0.08307152540094807
DeltaE,HR,Rmicro_max_LCX,0.2806542062687084,0.08020033705906586
DeltaE,Rmicro_max_LAD,icVlv,0.27940151983994976,0.08790785386807663
DeltaE,Ca_syst,hypertrophy_factor,0.27744045243623394,0.08189743899063484
DeltaE,Emin_la,Ra_syst,0.2760828666417372,0.05487822961641002
DeltaE,HR,Rmicro_max_RCA,0.2723359525118704,0.07935773708088789
DeltaE,Cv_syst,Cmicro_LCX,0.27107554630195446,0.07887208250416501
DeltaE,Emax_la,Ra_syst,0.2694782602557243,0.053601183184666085
DeltaE,Ca_syst,Cmicro_LCX,0.2672736846701789,0.07758902535228418
DeltaE,Rmicro_max_LAD,icPa_syst,0.2667941984620742,0.08348582356694657
DeltaE,Emin_lv,HR,0.265125516615871,0.055584998102254736
DeltaE,m1_lv,HR,0.26465772989815173,0.05552273822320646
DeltaE,HR,Cmicro_LAD,0.26455567115665907,0.0811892872701035
DeltaE,Ca_syst,icPv_syst,0.2620686480739176,0.07609603096893036
DeltaE,Ra_syst,icPv_syst,0.26048167049472737,0.07698835592937556
DeltaE,Emin_la,Kvc_av,0.2592183928031172,0.05368884593320181
DeltaE,Emax_la,Kvc_av,0.2558337558157946,0.05238201245745111
DeltaE,Emax_lv,Kvc_av,0.2548454384133371,0.054747428180240934
DeltaE,Emin_la,V0lv,0.25350484455916705,0.054084156478659995
DeltaE,Cv_syst,Cmicro_RCA,0.2514486662243615,0.07486076587657312
DeltaE,Emax_la,V0lv,0.249785697127718,0.05229640368415809
DeltaE,Emin_lv,Ca_syst,0.24969960129490573,0.05516963800304014
DeltaE,Kvc_av,Rmicro_max_LAD,0.24591247465883254,0.0782514179218465
DeltaE,Rv_syst,icVlv,0.24502847465259545,0.08114425951617713
DeltaE,m1_lv,Ca_syst,0.24371229919284684,0.05594591078472934
DeltaE,Ca_syst,Cmicro_RCA,0.24330599070960762,0.07375506171994609
DeltaE,Emax_lv,V0lv,0.24212673105947066,0.05551202949146979
DeltaE,Rv_syst,icPa_syst,0.23313425831984333,0.07676417763614869
DeltaE,Rmicro_max_LAD,icPv_syst,0.2313225963891182,0.08192996161201478
DeltaE,Emin_la,Amax_av,0.23128127887633604,0.0552409343560516
DeltaE,Ra_syst,hypertrophy_factor,0.2296128697876624,0.06796085018118325
DeltaE,Kvc_av,Cv_syst,0.22786360286233978,0.07130651172540524
DeltaE,Ra_syst,Cmicro_LCX,0.227363263705548,0.06718848314080197
DeltaE,Emax_la,Amax_av,0.22706290555107003,0.05346392258286481
DeltaE,V0lv,Ca_syst,0.226141874978575,0.055382263516884786
DeltaE,Emax_lv,Amax_av,0.2255081317805135,0.05617084585609023
DeltaE,Emin_lv,Ra_syst,0.2252489659042757,0.052475915998625736
DeltaE,Amax_av,Rmicro_max_LAD,0.21944385792663818,0.06548207247370509
DeltaE,m1_lv,Ra_syst,0.21867191114030857,0.054507094673904924
DeltaE,Ra_syst,Cmicro_RCA,0.2156361533922268,0.06649845184343431
DeltaE,Kvc_av,Rv_syst,0.21343708021101282,0.06950432181799193
DeltaE,V0lv,Ra_syst,0.21029386733554714,0.052698162469476666
DeltaE,Emax_lv,m1_lv,0.20660757633026722,0.052570417892008094
DeltaE,Emax_lv,Emin_lv,0.20260626792846848,0.05256919379955657
DeltaE,Amax_av,Cv_syst,0.20033697336292114,0.057692686061498646
DeltaE,Emin_la,Emax_lv,0.19617550915029847,0.0446872752134758
DeltaE,Rv_syst,icPv_syst,0.19482429985863217,0.07269630722083707
DeltaE,Rmicro_max_LCX,icVlv,0.19464907610449259,0.07555722583783772
DeltaE,V0lv,HR,0.19245351435139457,0.053424420904778704
DeltaE,Emin_lv,m1_lv,0.18734260307544648,0.05000957596150224
DeltaE,Rmicro_max_LCX,icPa_syst,0.18442773024129763,0.07306060594006965
DeltaE,Amax_av,Rv_syst,0.18387796907787962,0.0555527230586044
DeltaE,m1_lv,V0lv,0.1832019808946256,0.05349101167636692
DeltaE,Emax_la,Emax_lv,0.18224748020335146,0.04268072825051244
DeltaE,Emax_la,m1_lv,0.17196172436290896,0.04166838703006086
DeltaE,Emin_lv,Kvc_av,0.17174830680783842,0.047631218217913385
DeltaE,Cv_syst,Cmicro_LAD,0.17049294512127117,0.06902108694063477
DeltaE,m1_lv,Kvc_av,0.16887927115685714,0.04816240783969066
DeltaE,Kvc_av,HR,0.1665813437563173,0.06028534346992546
DeltaE,Ca_syst,Cmicro_LAD,0.16608775929810554,0.06742274960387513
DeltaE,Emin_lv,V0lv,0.16461045598072946,0.04924047158075895
DeltaE,Emin_la,Emin_lv,0.1632882809790517,0.04260079223133706
DeltaE,m1_lv,Amax_av,0.16324877068575022,0.05374800486921445
DeltaE,Cv_syst,Rmicro_max_RCA,0.1631669358959556,0.06961522240148749
DeltaE,Rmicro_max_LCX,icPv_syst,0.160897585372086,0.07314964125690387
DeltaE,Ca_syst,Rmicro_max_RCA,0.16071816916480913,0.06764615928197301
DeltaE,Ca_syst,Rmicro_max_LCX,0.160111949161319,0.06660647622920786
DeltaE,HR,Rmicro_max_LAD,0.1531703451982862,0.06779707597429904
DeltaE,V0lv,Kvc_av,0.15142748686132368,0.048148665986128505
DeltaE,Emax_la,Emin_lv,0.1464282745547506,0.04066965143832728
DeltaE,Rmicro_max_LAD,hypertrophy_factor,0.1451831350626526,0.06702718317998747
DeltaE,Rmicro_max_LAD,Cmicro_LCX,0.1434249714342184,0.06670041678984946
DeltaE,Rmicro_max_LAD,Cmicro_RCA,0.1429369587291593,0.06771685028282384
DeltaE,Emin_lv,Amax_av,0.14056663538560762,0.04758362394785745
DeltaE,Emin_la,m1_lv,0.14041378266430665,0.04091759797487013
DeltaE,V0lv,Amax_av,0.14013101335877376,0.04881589974529557
DeltaE,Kvc_av,Ca_syst,0.1384782242727606,0.06968475098017402
DeltaE,Rv_syst,hypertrophy_factor,0.13153161697968238,0.06182235177590143
DeltaE,HR,Cv_syst,0.1313067818094214,0.06063185996364968
DeltaE,Rv_syst,Cmicro_RCA,0.12946260213520994,0.06284483544825879
DeltaE,Rv_syst,Cmicro_LCX,0.12920441288108842,0.061487676045471625
DeltaE,Amax_av,HR,0.12848532631589246,0.04633342508644192
DeltaE,Ra_syst,Cmicro_LAD,0.12351694977807255,0.0492019421805406
DeltaE,HR,Rv_syst,0.11878507830947946,0.058611600069698074
DeltaE,Ra_syst,Rmicro_max_LCX,0.11796418717091313,0.04770628724238721
DeltaE,Amax_av,Kvc_av,0.11340764010745756,0.04576500894596185
DeltaE,Cv_syst,Rmicro_max_LCX,0.1132485739726083,0.06705814682195062
DeltaE,Emax_la,Emin_la,0.11239870408099743,0.036539398392278516
DeltaE,Ra_syst,Rmicro_max_RCA,0.11180505417489225,0.04869561985271966
DeltaE,Amax_av,Ca_syst,0.0881172630913444,0.04475239741867235
DeltaE,Rmicro_max_RCA,icVlv,0.08674352847206132,0.06989787967573753
DeltaE,Rmicro_max_RCA,icPv_syst,0.0831414379680823,0.06944221423238753
DeltaE,Amax_av,Ra_syst,0.08156917385365392,0.042692664518074214
DeltaE,Rmicro_max_RCA,icPa_syst,0.08006253019688361,0.06733725450454132
DeltaE,Cmicro_LCX,icPv_syst,0.0780458184303687,0.07505607737510177
DeltaE,HR,Ca_syst,0.07091526145223298,0.04810297460167385
DeltaE,Cmicro_LCX,icPa_syst,0.07073100758204018,0.07333087190546168
DeltaE,Rmicro_max_LCX,hypertrophy_factor,0.0627379960741957,0.0528979357051048
DeltaE,Rmicro_max_LCX,Cmicro_RCA,0.062182686520004984,0.05251883607984177
DeltaE,Kvc_av,Ra_syst,0.057316189295250716,0.04550607888410023
DeltaE,Rmicro_max_LCX,Cmicro_LCX,0.05649089318543815,0.052450712095453766
DeltaE,Cmicro_LAD,icVlv,0.053134476836377426,0.06541422551410286
DeltaE,Cmicro_LAD,icPa_syst,0.051739849293734735,0.06293645205761432
DeltaE,Cmicro_LAD,icPv_syst,0.0509865270770605,0.06487711162233123
DeltaE,Ca_syst,Ra_syst,0.049382108922898044,0.044583128416529595
DeltaE,Ra_syst,Cv_syst,0.0393580085000616,0.045972357379248006
DeltaE,Cv_syst,Rmicro_max_LAD,0.03887811615172841,0.05620555743900929
DeltaE,HR,Ra_syst,0.035216894931798526,0.04597351072799096
DeltaE,Cv_syst,Rv_syst,0.0323545850555553,0.0471854348767855
DeltaE,Ca_syst,Rmicro_max_LAD,0.0322732664150419,0.05339559757750844
DeltaE,Rmicro_max_LAD,Rmicro_max_RCA,0.028250844741019784,0.049764172884627936
DeltaE,Rmicro_max_LAD,Rmicro_max_LCX,0.027518311228048764,0.04819487050660049
DeltaE,Ra_syst,Rmicro_max_LAD,0.019801847858701246,0.04581953244324326
DeltaE,Ra_syst,Rv_syst,0.01684402841100846,0.04503494471092881
DeltaE,Rv_syst,Cmicro_LAD,0.014794221503236435,0.04228367890965946
DeltaE,Cmicro_LCX,icVlv,0.013382146051936245,0.07495618511581534
DeltaE,Ca_syst,Cv_syst,0.012238032682583805,0.045089896204146565
DeltaE,Rv_syst,Rmicro_max_LCX,0.01080079511065253,0.040216190106140345
Ein,Emax_la,icPa_syst,0.8546498870652868,0.12301723299456499
Ein,Emax_lv,icPa_syst,0.8373492549621775,0.11241647016641027
Ein,Emax_la,icVlv,0.8046407263860937,0.11557872249389511
Ein,Emin_la,icPa_syst,0.7931083922262054,0.11156691276540072
Ein,Emax_lv,icVlv,0.7852460399671828,0.10719949354009856
Ein,m1_lv,icPa_syst,0.7556166203818697,0.10518515153775695
Ein,Emax_la,hypertrophy_factor,0.7510490284730384,0.10506833606994102
Ein,Emin_la,icVlv,0.7369545591816674,0.10310656571571726
Ein,Emax_lv,hypertrophy_factor,0.733117200203772,0.09796767781774778
Ein,Emax_la,Cmicro_LCX,0.7328971626943437,0.10287778434989207
Ein,Emin_la,hypertrophy_factor,0.7297041941855686,0.09948067266716419
Ein,Emax_la,icPv_syst,0.7231286172882003,0.1140673351934279
Ein,Emin_lv,icPa_syst,0.7224485786036059,0.10548945856417462
Ein,Emax_lv,Cmicro_LCX,0.722093616578207,0.09699863892078836
Ein,Emin_la,Cmicro_LCX,0.7134128455998312,0.09753348179488232
Ein,m1_lv,icVlv,0.7106910561514982,0.10118169884984754
Ein,Emax_lv,icPv_syst,0.7078664887584045,0.10261560298746557
Ein,Emin_lv,icVlv,0.6804196232370495,0.10213007228275323
Ein,V0lv,icPa_syst,0.6707179703665402,0.09985490572845601
Ein,m1_lv,hypertrophy_factor,0.6686583925561648,0.0929970559292752
Ein,m1_lv,Cmicro_LCX,0.6644968224135601,0.0906343898890251
Ein,Emin_la,icPv_syst,0.662092242939189,0.1026403618683627
Ein,Emax_la,Cmicro_RCA,0.6599160383597592,0.09209097697996185
Ein,Emin_la,Cmicro_RCA,0.655440516765683,0.09107508128801443
Ein,Emax_lv,Cmicro_RCA,0.6521743312643945,0.08474696344316755
Ein,Emax_la,Rmicro_max_RCA,0.6440057266354422,0.09900889922201983
Ein,V0lv,hypertrophy_factor,0.6347277764638775,0.09432065911681764
Ein,V0lv,Cmicro_LCX,0.632128495749188,0.09446127262201649
Ein,Emax_la,Rmicro_max_LCX,0.6305229146045908,0.09194300066049373
Ein,Emax_lv,Rmicro_max_LCX,0.6302141094921696,0.09143671903589337
Ein,Emin_la,Rmicro_max_RCA,0.6291939168909622,0.09513341744159907
Ein,Emax_lv,Rmicro_max_RCA,0.6284734562244656,0.09147184646966379
Ein,V0lv,icVlv,0.6278243464358639,0.09389087928645702
Ein,Emin_lv,Cmicro_LCX,0.6277431559316149,0.09047693572320813
Ein,Emin_lv,hypertrophy_factor,0.6269441181327271,0.09073559089575266
Ein,m1_lv,icPv_syst,0.6204243442836085,0.09639835150447418
Ein,Emin_la,Rmicro_max_LCX,0.61274603007823,0.08706743823073268
Ein,Emin_lv,icPv_syst,0.5931879055570052,0.09799517209060336
Ein,Emin_la,Rmicro_max_LAD,0.5904591325987729,0.09101236655138949
Ein,m1_lv,Cmicro_RCA,0.5888775722577855,0.07877318502521671
Ein,m1_lv,Rmicro_max_LCX,0.5879781235149897,0.08545154446064665
Ein,Emin_la,Cv_syst,0.5848307744395715,0.08822948815917686
Ein,V0lv,Rmicro_max_LCX,0.579606125276452,0.09169829662698223
Ein,Emin_lv,Rmicro_max_LCX,0.5686794242955397,0.08640888827727354
Ein,Amax_av,icPa_syst,0.5572063477169948,0.09662659021908183
Ein,V0lv,Cmicro_RCA,0.5515374196115441,0.08323345177206846
Ein,m1_lv,Rmicro_max_RCA,0.5505913436443894,0.0837480798577831
Ein,Emin_lv,Cmicro_RCA,0.5479542420780248,0.07903724018625384
Ein,Emax_lv,Rmicro_max_LAD,0.5473724895354156,0.08468022654945599
Ein,V0lv,icPv_syst,0.5416400358852932,0.08994007537158268
Ein,V0lv,Rmicro_max_RCA,0.5404709541919399,0.0900992976843035
Ein,Emax_lv,Cv_syst,0.5397484621800681,0.08094447172436632
Ein,Kvc_av,hypertrophy_factor,0.5390868189547758,0.0814731356626617
Ein,Emax_la,Rmicro_max_LAD,0.5390822901621608,0.09229384207651185
Ein,Emax_la,Cv_syst,0.5372887667294142,0.08905772722254293
Ein,Emin_lv,Rmicro_max_RCA,0.5333795907340098,0.08503837173748476
Ein,Emax_lv,Cmicro_LAD,0.5276260762662921,0.07684552792975424
Ein,Emin_la,Rv_syst,0.5274019867130043,0.08401760518900436
Ein,Kvc_av,Cmicro_LCX,0.5271163625843815,0.08028509846729051
Ein,Kvc_av,icPa_syst,0.5249523456881835,0.08811471560201664
Ein,Emax_la,Cmicro_LAD,0.5236254635213825,0.07689562543866048
Ein,Emin_la,HR,0.5184326671425593,0.07634337208681222
Ein,m1_lv,Cmicro_LAD,0.5107585145674244,0.07074064327670894
Ein,Emin_la,Cmicro_LAD,0.5093969850157383,0.07341879874506131
Ein,Amax_av,icVlv,0.5082690918027378,0.08942068486249169
Ein,V0lv,Cmicro_LAD,0.5001191207301489,0.07531460258870917
Ein,Emin_lv,Cmicro_LAD,0.49097478508224046,0.07029265390469557
Ein,Kvc_av,Cmicro_RCA,0.4890345816441445,0.07518078302629086
Ein,Emax_lv,Rv_syst,0.48505647379715233,0.0749527020933688
Ein,Emax_la,Rv_syst,0.4802506339300321,0.08448984002423253
Ein,Kvc_av,icVlv,0.4765148292945446,0.07968764783062156
Ein,Emax_lv,HR,0.47306003397500307,0.06664693443290463
Ein,Emax_la,HR,0.4666241835365996,0.07611248962445523
Ein,Amax_av,hypertrophy_factor,0.466081094461569,0.07662174600560547
Ein,Emin_la,Ra_syst,0.4599576398987896,0.06950331994044116
Ein,Emin_la,Ca_syst,0.45753510761290045,0.07529149547757386
Ein,Amax_av,Cmicro_LCX,0.4569228091973205,0.07553478082824856
Ein,m1_lv,Rmicro_max_LAD,0.4549975290555982,0.07720420493267048
Ein,HR,icPa_syst,0.45115446953698984,0.08787616011068271
Ein,m1_lv,Cv_syst,0.45092033150200445,0.07381257624182408
Ein,Kvc_av,Rmicro_max_LCX,0.44920352241774575,0.07477872907200196
Ein,V0lv,Rmicro_max_LAD,0.44343326671657646,0.08348359247236271
Ein,V0lv,Cv_syst,0.43892127456147007,0.08004820393588871
Ein,Emin_lv,Rmicro_max_LAD,0.4348681451064549,0.07898675288218235
Ein,Emin_lv,Cv_syst,0.42978671584373423,0.07563998425155938
Ein,Emin_la,Kvc_av,0.4254583931952737,0.0633569579201226
Ein,Emin_la,V0lv,0.42441644194020467,0.06224948137574706
Ein,Amax_av,icPv_syst,0.42366743410666674,0.08590398521387345
Ein,Amax_av,Cmicro_RCA,0.4198816801060997,0.07066026206957218
Ein,Emax_lv,Ca_syst,0.4190221497905428,0.06612602389404504
Ein,Emax_lv,Ra_syst,0.4180373864665235,0.06413713797773074
Ein,HR,icVlv,0.4164070879890991,0.08447032413017251
Ein,Emax_la,Ca_syst,0.41450772263331354,0.07598716774730507
Ein,Kvc_av,Cmicro_LAD,0.4098024335096614,0.0681861246209553
Ein,Emax_la,Ra_syst,0.40954456176841697,0.06901586067354488
Ein,Kvc_av,Rmicro_max_RCA,0.40141915679104795,0.07192917581492043
Ein,Emin_la,Amax_av,0.4009987808395554,0.06084843659887778
Ein,m1_lv,Rv_syst,0.39993242731217093,0.06880094371246269
Ein,HR,hypertrophy_factor,0.39642561745341065,0.07287708051680515
Ein,Kvc_av,icPv_syst,0.39080280266599543,0.07553283531340944
Ein,Amax_av,Rmicro_max_LCX,0.3894251964895481,0.07099629953045476
Ein,Emax_lv,m1_lv,0.3883216658000645,0.0440021783919619
Ein,HR,Cmicro_LCX,0.3843047808413073,0.07181826073611394
Ein,V0lv,Rv_syst,0.38164839064993994,0.0733156500258393
Ein,Emax_lv,Kvc_av,0.3779522260107602,0.0485431781419878
Ein,m1_lv,HR,0.37645516444014615,0.058821805893982296
Ein,Emin_lv,Rv_syst,0.37317563356366146,0.06906410827909629
Ein,Emax_la,Kvc_av,0.3717458080533824,0.06195289740956284
Ein,Emax_la,V0lv,0.368694811269167,0.060637995935262014
Ein,Emax_lv,V0lv,0.3629839019472758,0.04629883296647406
Ein,Emin_lv,HR,0.3613816376502862,0.06342425545075449
Ein,m1_lv,Ra_syst,0.35913619351028114,0.058073551779281085
Ein,Emax_lv,Amax_av,0.35623531183042756,0.04566636099154595
Ein,Emin_la,Emax_lv,0.3558384253374271,0.04874477896432857
Ein,Amax_av,Rmicro_max_RCA,0.3537559383260071,0.069090986173903
Ein,Amax_av,Cmicro_LAD,0.34776611853409845,0.06419116635113975
Ein,HR,Cmicro_RCA,0.3465955846402017,0.06687094776702476
Ein,Emax_la,Amax_av,0.346472988420725,0.0601062702415426
Ein,Ca_syst,icVlv,0.3456599558361533,0.0790711024968757
Ein,V0lv,Ra_syst,0.34449798145218835,0.06491347693242479
Ein,m1_lv,V0lv,0.34415131503245094,0.043546507908108226
Ein,Emin_lv,Ra_syst,0.34215403843290293,0.06250320469916844
Ein,Emax_la,m1_lv,0.33283261673928866,0.03915297662188553
Ein,HR,icPv_syst,0.3260178400537218,0.08027634611162977
Ein,m1_lv,Amax_av,0.3252969420172252,0.042210251306141575
Ein,Emax_lv,Emin_lv,0.3248388209802042,0.04332383813941877
Ein,Ca_syst,icPa_syst,0.3246052809059908,0.07652701408911612
Ein,Emin_lv,m1_lv,0.3238672756383053,0.044115377697951534
Ein,m1_lv,Ca_syst,0.3202367098023122,0.05799918762217068
Ein,V0lv,HR,0.3186496702400521,0.06350565380986
Ein,Emin_lv,Ca_syst,0.3117571922827704,0.06292370449183157
Ein,V0lv,Ca_syst,0.3088286370900294,0.0643383155690834
Ein,Cv_syst,icVlv,0.30799046530875795,0.0797676451364617
Ein,Emin_la,m1_lv,0.30776329493188315,0.03752860935477046
Ein,Kvc_av,Cv_syst,0.3056738175822033,0.06360641736063444
Ein,HR,Rmicro_max_LCX,0.3046941789736517,0.06576512208252809
Ein,Emin_la,Emin_lv,0.30239973745484566,0.040649966049662464
Ein,Kvc_av,Rmicro_max_LAD,0.3011198892073027,0.06502600997196911
Ein,Ra_syst,icVlv,0.2999213555185638,0.07679251418898664
Ein,Emax_la,Emax_lv,0.2940860529460546,0.04133304108456302
Ein,Cv_syst,icPa_syst,0.2909977475458309,0.07781117610483004
Ein,m1_lv,Kvc_av,0.2873614102233317,0.0423169743690764
Ein,Ca_syst,icPv_syst,0.2842600120803437,0.07752825435256504
Ein,Ra_syst,icPa_syst,0.2784655147769912,0.07435928666763654
Ein,HR,Cmicro_LAD,0.2679519050492071,0.06091186749550317
Ein,HR,Rmicro_max_RCA,0.26751592185462664,0.06348355069124641
Ein,Emin_lv,V0lv,0.26337811422210067,0.04250998125318347
Ein,V0lv,Kvc_av,0.26274712581663184,0.04673391611668226
Ein,Emin_lv,Kvc_av,0.261798387830139,0.04362112294219078
Ein,Amax_av,Cv_syst,0.26039186898940947,0.06104888015954292
Ein,Amax_av,Rmicro_max_LAD,0.25787191724800973,0.0626559010005073
Ein,Kvc_av,Rv_syst,0.2568360623601128,0.06253805638569684
Ein,Ca_syst,hypertrophy_factor,0.25384328290560626,0.06296994305649413
Ein,Cv_syst,icPv_syst,0.24727765656974277,0.07761721909371412
Ein,Emax_la,Emin_lv,0.2421996558975725,0.03838677040942464
Ein,Ca_syst,Cmicro_LCX,0.2416967793414606,0.061133485414792584
Ein,V0lv,Amax_av,0.23963682508904277,0.04334491325315631
Ein,Ra_syst,icPv_syst,0.2381298043315736,0.07269561523484051
Ein,Emin_lv,Amax_av,0.23744457475676767,0.04121789215122355
Ein,Kvc_av,HR,0.23284054030105925,0.04592204175575237
Ein,Emax_la,Emin_la,0.2197041678011898,0.03973026980209786
Ein,Cv_syst,hypertrophy_factor,0.21473180104538453,0.06422306920894459
Ein,Amax_av,Rv_syst,0.21306846439743643,0.05961045724929203
Ein,Ra_syst,hypertrophy_factor,0.2077944002419178,0.058618413915922325
Ein,Ca_syst,Cmicro_RCA,0.20644564282267794,0.05622946681786248
Ein,Cv_syst,Cmicro_LCX,0.20065801199956668,0.06283942200443958
Ein,Ra_syst,Cmicro_LCX,0.19593654350246115,0.05612354494280985
Ein,Rmicro_max_LAD,icVlv,0.18637429103498593,0.07466256715876284
Ein,Amax_av,HR,0.18518092078271373,0.0425318387225353
Ein,Amax_av,Kvc_av,0.1836044912125895,0.04327247642807251
Ein,Kvc_av,Ca_syst,0.17069332915823948,0.043445514305119275
Ein,Cv_syst,Cmicro_RCA,0.16859006468261242,0.05761998466877976
Ein,Rv_syst,icVlv,0.16523665957935485,0.07092707811325286
Ein,Rmicro_max_LAD,icPa_syst,0.1646597961964928,0.07211437708300682
Ein,HR,Rmicro_max_LAD,0.1640888307879987,0.056059648101082105
Ein,Ra_syst,Cmicro_RCA,0.16372665410158846,0.05262324556056014
Ein,Amax_av,Ra_syst,0.1620110210599951,0.03997955551631562
Ein,Ca_syst,Rmicro_max_LCX,0.1618143799163142,0.054147790495831224
Ein,Ca_syst,Cmicro_LAD,0.1612345319851976,0.05370022293934196
Ein,Rmicro_max_LAD,icPv_syst,0.15680730145106148,0.07327066379539146
Ein,HR,Cv_syst,0.15041239628885977,0.05347266404456982
Ein,Rv_syst,icPa_syst,0.14360241491568065,0.06766312433868554
Ein,Rv_syst,icPv_syst,0.13132240410818818,0.0689795431358575
Ein,Ca_syst,Rmicro_max_RCA,0.1312175424388612,0.052594408746798334
Ein,Cv_syst,Cmicro_LAD,0.12844464169369246,0.05679676841797646
Ein,Rmicro_max_LCX,icVlv,0.12520780487187788,0.07021904406579099
Ein,Ra_syst,Cmicro_LAD,0.12015327768009598,0.04989419998775314
Ein,Ra_syst,Rmicro_max_LCX,0.12001037238800027,0.050328701190067944
Ein,HR,Rv_syst,0.11887553033102949,0.0530175803268973
Ein,Amax_av,Ca_syst,0.11788366673883675,0.03948793365678365
Ein,HR,Ca_syst,0.11246547371622244,0.044290117962373934
Ein,Rmicro_max_LCX,icPa_syst,0.10883057652984257,0.06826733208814556
Ein,Kvc_av,Ra_syst,0.1079085200781533,0.04226579607053083
Ein,HR,Ra_syst,0.09505732017653537,0.04187005922835256
Ein,Cv_syst,Rmicro_max_RCA,0.09161207337504917,0.05454359329291575
Ein,Ra_syst,Rmicro_max_RCA,0.09082380059207878,0.04898218073423625
Ein,Rmicro_max_LCX,icPv_syst,0.08679665232293887,0.06830434155530041
Ein,Cv_syst,Rmicro_max_LCX,0.08295811287890259,0.056076071175873744
Ein,Rmicro_max_LAD,hypertrophy_factor,0.08087728468341482,0.05246312305296146
Ein,Rv_syst,hypertrophy_factor,0.07095046636678826,0.050146073584645685
Ein,Rmicro_max_LAD,Cmicro_LCX,0.06876998705400256,0.04967764490180254
Ein,Rmicro_max_LAD,Cmicro_RCA,0.06736468307876828,0.05070169052945592
Ein,Rv_syst,Cmicro_RCA,0.060137903642491136,0.04884814073445934
Ein,Rv_syst,Cmicro_LCX,0.0590860344287939,0.04786088229981501
Ein,Ca_syst,Ra_syst,0.04312369872483379,0.041111331723151595
Ein,Ra_syst,Cv_syst,0.04295607694355075,0.04218759130236327
Ein,Ca_syst,Rmicro_max_LAD,0.025210933825401488,0.043747057106375685
Ein,Rmicro_max_RCA,icPv_syst,0.02458047689657622,0.06728678045955162
Ein,Rmicro_max_LCX,hypertrophy_factor,0.02040415582893168,0.04742681666740913
Ein,Rmicro_max_RCA,icVlv,0.01987984178229102,0.067749855604259
Ein,Ca_syst,Cv_syst,0.018635375294548395,0.041286140288688176
Pa_syst_mean,Emax_la,icVlv,0.7958021216965833,0.07711032106067395
Pa_syst_mean,Emax_la,icPa_syst,0.7789937880842623,0.07578890210120673
Pa_syst_mean,Emax_lv,icVlv,0.7756882689165762,0.07824883922637402
Pa_syst_mean,Emax_lv,icPa_syst,0.7584640093086255,0.07582102939699713
Pa_syst_mean,Emin_la,icVlv,0.7359293995848107,0.07400231950104268
Pa_syst_mean,Emin_la,icPa_syst,0.720707632756865,0.07185834562349588
Pa_syst_mean,m1_lv,icVlv,0.6994945930999771,0.07554554795372873
Pa_syst_mean,Emax_la,hypertrophy_factor,0.699301643488274,0.07142758316161259
Pa_syst_mean,m1_lv,icPa_syst,0.6814097489363146,0.07319561261592682
Pa_syst_mean,Emin_la,hypertrophy_factor,0.6775505264534426,0.06973332048829015
Pa_syst_mean,Emax_la,Cmicro_LCX,0.674468326423806,0.06960835066119993
Pa_syst_mean,Emin_lv,icVlv,0.6737315586037581,0.07495524783703678
Pa_syst_mean,Emax_lv,hypertrophy_factor,0.6667940511901971,0.07135208415949122
Pa_syst_mean,Emin_lv,icPa_syst,0.6550632879500412,0.07238827125435862
Pa_syst_mean,Emin_la,Cmicro_LCX,0.6542826128571642,0.0672807970745161
Pa_syst_mean,Emax_la,icPv_syst,0.6465982862925415,0.07201331434802562
Pa_syst_mean,Emax_lv,Cmicro_LCX,0.6460158956288342,0.07030969836651307
Pa_syst_mean,Emax_la,Cmicro_RCA,0.6257405286518438,0.06483187023039509
Pa_syst_mean,V0lv,icVlv,0.6227785793832401,0.07439725534855805
Pa_syst_mean,Emax_lv,icPv_syst,0.6176958913641628,0.07011707538124369
Pa_syst_mean,Emax_la,Rmicro_max_LCX,0.6156123886468376,0.0653056538129377
Pa_syst_mean,Emin_la,Cmicro_RCA,0.6069911740794552,0.0638113046471777
Pa_syst_mean,V0lv,icPa_syst,0.6033945773272715,0.0723882917062295
Pa_syst_mean,Emax_lv,Cmicro_RCA,0.5996439290255775,0.06578684114186391
Pa_syst_mean,m1_lv,Cmicro_LCX,0.5967543998941884,0.06885139971124823
Pa_syst_mean,Emin_la,Rmicro_max_LCX,0.5966877809060345,0.06348339314078291
Pa_syst_mean,m1_lv,hypertrophy_factor,0.5956164014667963,0.06895560264704095
Pa_syst_mean,Emax_lv,Rmicro_max_LCX,0.5832319911721902,0.06514292841805255
Pa_syst_mean,Emin_la,icPv_syst,0.5832267240691613,0.06782162448730207
Pa_syst_mean,Emax_la,Rmicro_max_RCA,0.5797739778692332,0.06383193329421172
Pa_syst_mean,Emin_lv,Cmicro_LCX,0.5677697797080865,0.06820059226493565
Pa_syst_mean,Emin_lv,hypertrophy_factor,0.565613854079684,0.06787757645333807
Pa_syst_mean,Emin_la,Rmicro_max_RCA,0.5635941273214274,0.06257889777460028
Pa_syst_mean,Emax_lv,Rmicro_max_RCA,0.5518566048268956,0.06437435693778702
Pa_syst_mean,m1_lv,icPv_syst,0.5440758870780626,0.06765783568025525
Pa_syst_mean,Emin_la,Cv_syst,0.5424279733563342,0.057810285992323546
Pa_syst_mean,m1_lv,Cmicro_RCA,0.5394158705766972,0.06262414798981562
Pa_syst_mean,Emin_la,Rmicro_max_LAD,0.5392751574385871,0.06121599919361623
Pa_syst_mean,V0lv,Cmicro_LCX,0.5277632352926366,0.0685028709128827
Pa_syst_mean,V0lv,hypertrophy_factor,0.5226639674180257,0.06812147103801337
Pa_syst_mean,m1_lv,Rmicro_max_LCX,0.5195222684809215,0.06291502225460312
Pa_syst_mean,Emin_lv,icPv_syst,0.5193737762742825,0.06676521094680317
Pa_syst_mean,Emin_lv,Cmicro_RCA,0.5075613551061152,0.06187055646375476
Pa_syst_mean,Amax_av,icVlv,0.49635685490588666,0.06846977452867206
Pa_syst_mean,Emin_lv,Rmicro_max_LCX,0.4948548753884516,0.06263466743160792
Pa_syst_mean,Emax_la,Cmicro_LAD,0.4879010457053601,0.05964876847605689
Pa_syst_mean,Emin_la,HR,0.4834630096094382,0.050991110014482484
Pa_syst_mean,m1_lv,Cmicro_LAD,0.4833865393535426,0.06131813747666997
Pa_syst_mean,Emax_la,Cv_syst,0.48292966787632813,0.055858759690610854
Pa_syst_mean,Amax_av,icPa_syst,0.4799751953301614,0.0663677894855428
Pa_syst_mean,m1_lv,Rmicro_max_RCA,0.47846404087463856,0.06194408082617316
Pa_syst_mean,Emax_lv,Cv_syst,0.47760576647840597,0.05795792390106175
Pa_syst_mean,Kvc_av,hypertrophy_factor,0.4764779458569107,0.06816637727227898
Pa_syst_mean,Emin_la,Rv_syst,0.47642177221504034,0.05958952812725073
Pa_syst_mean,V0lv,Rmicro_max_LCX,0.47536413986187115,0.06433191773651036
Pa_syst_mean,Emax_la,Rmicro_max_LAD,0.4727473789702943,0.059171792564275245
Pa_syst_mean,V0lv,icPv_syst,0.4715712275252714,0.06675730240046819
Pa_syst_mean,Emax_lv,Rmicro_max_LAD,0.4715087160694894,0.0618969488455375
Pa_syst_mean,Emin_la,Cmicro_LAD,0.470176886632358,0.05779747278742521
Pa_syst_mean,Emax_lv,Cmicro_LAD,0.46623536693600565,0.06153281550697852
Pa_syst_mean,Kvc_av,Cmicro_LCX,0.46597451880054863,0.06770978124430738
Pa_syst_mean,V0lv,Cmicro_RCA,0.4640529296904984,0.06196784762893324
Pa_syst_mean,Emin_la,Ra_syst,0.46102975882436,0.048723199442657114
Pa_syst_mean,Emin_lv,Cmicro_LAD,0.4602604785994122,0.061015725119384086
Pa_syst_mean,Kvc_av,icVlv,0.4559735928308405,0.06919166415216706
Pa_syst_mean,Emin_lv,Rmicro_max_RCA,0.4521760899662185,0.06130423338408989
Pa_syst_mean,V0lv,Cmicro_LAD,0.43847514708338176,0.06251412388711367
Pa_syst_mean,Kvc_av,icPa_syst,0.4377136830868197,0.06644941507615885
Pa_syst_mean,Emin_la,V0lv,0.4372684070379005,0.047846380618572486
Pa_syst_mean,V0lv,Rmicro_max_RCA,0.4325353271239891,0.06324115417976305
Pa_syst_mean,Kvc_av,Cmicro_RCA,0.4279109026913688,0.06305253496859817
Pa_syst_mean,Emin_la,Kvc_av,0.4273105774872261,0.04842081658742841
Pa_syst_mean,Emax_la,HR,0.4244577437780035,0.049905217697902314
Pa_syst_mean,Emin_la,Ca_syst,0.42406518922457814,0.05008272744567063
Pa_syst_mean,Emax_la,Rv_syst,0.41829547543297707,0.05760580306846187
Pa_syst_mean,Emax_lv,Rv_syst,0.4141167157769716,0.0591568494783915
Pa_syst_mean,Emax_lv,HR,0.4102001505517744,0.04953769205774734
Pa_syst_mean,Amax_av,hypertrophy_factor,0.4089757181870285,0.06277475017501065
Pa_syst_mean,Emin_la,Amax_av,0.40715198784136614,0.04665411168718171
Pa_syst_mean,Emax_la,Ra_syst,0.4011538046671073,0.04651204432756714
Pa_syst_mean,Amax_av,Cmicro_LCX,0.39954650029616323,0.06302329978746775
Pa_syst_mean,HR,icVlv,0.3864612243230171,0.06694067928973771
Pa_syst_mean,Emax_lv,Ra_syst,0.38361088405848204,0.04733731808201639
Pa_syst_mean,Kvc_av,Rmicro_max_LCX,0.38353357035745367,0.06143198820711979
Pa_syst_mean,Emax_lv,m1_lv,0.38108357779849966,0.04341283429969239
Pa_syst_mean,m1_lv,Cv_syst,0.3776382875093603,0.05156755475538335
Pa_syst_mean,Emax_la,V0lv,0.3775928471775791,0.04636279454096118
Pa_syst_mean,HR,icPa_syst,0.37092824965706905,0.06403364801743858
Pa_syst_mean,m1_lv,Rmicro_max_LAD,0.3689627780184328,0.054686030971269436
Pa_syst_mean,Emax_la,Kvc_av,0.36889243512667125,0.04702035177691142
Pa_syst_mean,Emax_la,Ca_syst,0.36654194519916494,0.0486895296230159
Pa_syst_mean,Emin_lv,Cv_syst,0.36530242160815835,0.05304996178553398
Pa_syst_mean,Amax_av,Cmicro_RCA,0.36314982249207695,0.05805989402930955
Pa_syst_mean,Emax_la,m1_lv,0.3577510767455371,0.03867484011648795
Pa_syst_mean,Emin_lv,Rmicro_max_LAD,0.3576005369196421,0.056997221084092595
Pa_syst_mean,Kvc_av,Cmicro_LAD,0.3544093791256364,0.0606123354460532
Pa_syst_mean,Emax_lv,Kvc_av,0.35228121816496594,0.046900629064279824
Pa_syst_mean,Emax_lv,Ca_syst,0.35068753493879834,0.04919075922822419
Pa_syst_mean,Emax_la,Amax_av,0.347127001471912,0.04582290668076737
Pa_syst_mean,m1_lv,V0lv,0.34587054644746396,0.04303521577981643
Pa_syst_mean,Emax_lv,V0lv,0.34494725057392606,0.04569202707801234
Pa_syst_mean,Kvc_av,Rmicro_max_RCA,0.3429757244787207,0.060605074866525895
Pa_syst_mean,Amax_av,icPv_syst,0.3421085254578415,0.05962535587120524
Pa_syst_mean,Amax_av,Rmicro_max_LCX,0.3357706448910012,0.05809106643559324
Pa_syst_mean,Emin_la,Emax_lv,0.33520121647309464,0.03963239193386082
Pa_syst_mean,Emax_lv,Amax_av,0.33505553961481677,0.044639820516201266
Pa_syst_mean,V0lv,Cv_syst,0.33230926574456127,0.05412764590127299
Pa_syst_mean,m1_lv,Ra_syst,0.3320260744032701,0.04405075632205293
Pa_syst_mean,HR,hypertrophy_factor,0.33160721878376587,0.06225046416424648
Pa_syst_mean,V0lv,Rmicro_max_LAD,0.3249680003160442,0.0573689692872776
Pa_syst_mean,Emin_lv,m1_lv,0.32240097323272743,0.04259699390537439
Pa_syst_mean,m1_lv,Amax_av,0.32175121506756726,0.040618476219505616
Pa_syst_mean,HR,Cmicro_LCX,0.31815462299027175,0.062244653035031336
Pa_syst_mean,Emin_lv,Ra_syst,0.3174312229622676,0.045556013777170286
Pa_syst_mean,m1_lv,Rv_syst,0.3174207534578005,0.05304144092539537
Pa_syst_mean,Emin_la,m1_lv,0.31524815254737626,0.03813465918477481
Pa_syst_mean,m1_lv,HR,0.31177963342941706,0.04267400006237012
Pa_syst_mean,Amax_av,Cmicro_LAD,0.3048164961386467,0.05668105200370533
Pa_syst_mean,Kvc_av,icPv_syst,0.30066931396605573,0.06006303498106716
Pa_syst_mean,Emin_lv,Rv_syst,0.2996960036553237,0.05454451612426193
Pa_syst_mean,Emin_lv,HR,0.2977589283891408,0.04470012132016323
Pa_syst_mean,Emin_la,Emin_lv,0.29761701422551423,0.03986356840818819
Pa_syst_mean,Amax_av,Rmicro_max_RCA,0.29643871169599023,0.05698527691241415
Pa_syst_mean,Emax_lv,Emin_lv,0.2929569323990136,0.04281940515009851
Pa_syst_mean,V0lv,Ra_syst,0.2849268542040932,0.04656919133673474
Pa_syst_mean,HR,Cmicro_RCA,0.28204559508996685,0.05741383904169996
Pa_syst_mean,Ca_syst,icVlv,0.27863541148290893,0.06044413559496659
Pa_syst_mean,Emax_la,Emax_lv,0.27363598137767076,0.037649774518483656
Pa_syst_mean,V0lv,Rv_syst,0.26582332042496903,0.05489518669980762
Pa_syst_mean,m1_lv,Kvc_av,0.264471583399587,0.04149801941306372
Pa_syst_mean,V0lv,HR,0.2581215026298229,0.04599552344193362
Pa_syst_mean,m1_lv,Ca_syst,0.25591554909181136,0.04321563489751565
Pa_syst_mean,Ca_syst,icPa_syst,0.25546647058158956,0.057763531556184994
Pa_syst_mean,Kvc_av,Cv_syst,0.25285589554431026,0.05315929469133112
Pa_syst_mean,Emin_lv,V0lv,0.25059308544488923,0.041767829937629876
Pa_syst_mean,Emax_la,Emin_la,0.24913821578610604,0.039249902729885724
Pa_syst_mean,Emin_lv,Ca_syst,0.24544751030929898,0.04496713216982434
Pa_syst_mean,HR,icPv_syst,0.24464887647563888,0.06075761417045358
Pa_syst_mean,Emin_lv,Kvc_av,0.24159994362033035,0.04237720504298373
Pa_syst_mean,HR,Rmicro_max_LCX,0.2377151177232421,0.0561071323583086
Pa_syst_mean,Ra_syst,icVlv,0.23588807856512972,0.06002631989660752
Pa_syst_mean,Kvc_av,Rmicro_max_LAD,0.23375411319706818,0.05533522316662596
Pa_syst_mean,Emax_la,Emin_lv,0.23307844234236386,0.03767910081015
Pa_syst_mean,Ca_syst,icPv_syst,0.21922960860770407,0.0573847616288582
Pa_syst_mean,Emin_lv,Amax_av,0.21460968793365887,0.040252226646448265
Pa_syst_mean,V0lv,Ca_syst,0.21299912915767474,0.04620487067241065
Pa_syst_mean,Ra_syst,icPa_syst,0.21276036620869304,0.05711964397833923
Pa_syst_mean,Cv_syst,icVlv,0.2097896198966106,0.06466132953242608
Pa_syst_mean,HR,Cmicro_LAD,0.20715315137177448,0.05534182307326885
Pa_syst_mean,V0lv,Kvc_av,0.20530153994623604,0.04342682959877286
Pa_syst_mean,Ca_syst,hypertrophy_factor,0.2017528056915704,0.05654718841270379
Pa_syst_mean,Amax_av,Cv_syst,0.20131096877213994,0.04901430825749176
Pa_syst_mean,HR,Rmicro_max_RCA,0.1983847937453275,0.05548706868829035
Pa_syst_mean,V0lv,Amax_av,0.1943191622409713,0.042240848623053044
Pa_syst_mean,Ca_syst,Cmicro_LCX,0.19085291326186693,0.056570310252573516
Pa_syst_mean,Cv_syst,icPa_syst,0.1905790884008311,0.06258364114710982
Pa_syst_mean,Kvc_av,Rv_syst,0.18942627567693807,0.0540311786213074
Pa_syst_mean,Kvc_av,HR,0.18806265069339512,0.04511962929021294
Pa_syst_mean,Amax_av,Rmicro_max_LAD,0.18496880357394013,0.05121671619398531
Pa_syst_mean,Ra_syst,icPv_syst,0.18076640865916987,0.057412929200486434
Pa_syst_mean,Ca_syst,Cmicro_RCA,0.1559221677217276,0.05161420407539295
Pa_syst_mean,Cv_syst,icPv_syst,0.15009030931643969,0.06172283543366921
Pa_syst_mean,Amax_av,Ra_syst,0.1486726489936408,0.040626245889779415
Pa_syst_mean,Amax_av,Rv_syst,0.13972478703560345,0.04927250524917706
Pa_syst_mean,Ra_syst,hypertrophy_factor,0.13850079766215911,0.05204497375299062
Pa_syst_mean,Amax_av,Kvc_av,0.13730594808638677,0.04074347577641759
Pa_syst_mean,Amax_av,HR,0.13055986805474556,0.04007327467277619
Pa_syst_mean,Ra_syst,Cmicro_LCX,0.12443531548712078,0.05147246335584367
Pa_syst_mean,Kvc_av,Ca_syst,0.12110270383005386,0.044092172726205685
Pa_syst_mean,Ca_syst,Cmicro_LAD,0.11390725032352589,0.05112358326179095
Pa_syst_mean,Cv_syst,hypertrophy_factor,0.1116035943673584,0.05786160870055261
Pa_syst_mean,Ca_syst,Rmicro_max_LCX,0.11029185595027752,0.050869871178109476
Pa_syst_mean,Rmicro_max_LAD,icVlv,0.10681158339511765,0.059012185245567846
Pa_syst_mean,Cv_syst,Cmicro_LCX,0.10124586042204003,0.05783438800041838
Pa_syst_mean,Ra_syst,Cmicro_RCA,0.09583853725722954,0.04934204928013238
Pa_syst_mean,HR,Rmicro_max_LAD,0.08790289377628846,0.04906970085435076
Pa_syst_mean,HR,Cv_syst,0.08445885073142811,0.045964451205451035
Pa_syst_mean,Rmicro_max_LAD,icPa_syst,0.08306066298437842,0.05622883408711359
Pa_syst_mean,Ca_syst,Rmicro_max_RCA,0.08014509710881437,0.05054703540981058
Pa_syst_mean,Rv_syst,icVlv,0.07817829538109622,0.05456988180191381
Pa_syst_mean,Rmicro_max_LCX,icVlv,0.07395455055035355,0.05490923666404882
Pa_syst_mean,Kvc_av,Ra_syst,0.07110690741324191,0.043018315639380064
Pa_syst_mean,Cv_syst,Cmicro_RCA,0.06950332342298085,0.05221413432715969
Pa_syst_mean,Rmicro_max_LAD,icPv_syst,0.0669867599975092,0.05815382973283435
Pa_syst_mean,Amax_av,Ca_syst,0.06610067181453103,0.03987696190124824
Pa_syst_mean,HR,Ra_syst,0.06509601700941159,0.043737780101659386
Pa_syst_mean,Rv_syst,icPa_syst,0.05863012824204894,0.051952360848751884
Pa_syst_mean,HR,Ca_syst,0.05282628549086352,0.04375276076683688
Pa_syst_mean,Rmicro_max_LCX,icPa_syst,0.05234437369245254,0.05247125754208014
Pa_syst_mean,Ra_syst,Cmicro_LAD,0.048462708634033236,0.046583728989790775
Pa_syst_mean,Ra_syst,Rmicro_max_LCX,0.04754216682417073,0.046487195745756514
Pa_syst_mean,HR,Rv_syst,0.04352089179502436,0.04726688896220382
Pa_syst_mean,Rv_syst,icPv_syst,0.028369010971897646,0.05263995803795167
Pa_syst_mean,Cv_syst,Cmicro_LAD,0.022783971786889456,0.05285159434654663
Pa_syst_mean,Rmicro_max_LCX,icPv_syst,0.020429199775514384,0.053320348356514724
Pa_syst_mean,Ra_syst,Rmicro_max_RCA,0.017605877921737928,0.046011436856739654
Pa_syst_mean,Cv_syst,Rmicro_max_LCX,0.012049495930860243,0.05280955680996321
VO2_total,Emax_la,icVlv,0.723157847748812,0.1421210083303002
VO2_total,Emax_la,icPa_syst,0.7146744306111734,0.1399858710280649
VO2_total,Emin_la,icVlv,0.6310762720783698,0.1308774927125364
VO2_total,Emin_la,icPa_syst,0.6286339750546382,0.13121196964326992
VO2_total,Emax_la,icPv_syst,0.6282298475062269,0.13221268994457117
VO2_total,Emax_lv,icVlv,0.6145114301992931,0.12107808553385206
VO2_total,Emax_lv,icPa_syst,0.6124205434740356,0.1232020838146854
VO2_total,Emax_la,hypertrophy_factor,0.5902417503188182,0.12262776797728513
VO2_total,Emin_la,hypertrophy_factor,0.5832848809464931,0.12133303865593571
VO2_total,V0lv,icVlv,0.5767164090291362,0.1225496273011777
VO2_total,V0lv,icPa_syst,0.5697354661423195,0.12433988689921761
VO2_total,Emin_lv,icVlv,0.5533446017691467,0.11818076418869843
VO2_total,Emin_lv,icPa_syst,0.5511229310261334,0.12032789627632733
VO2_total,m1_lv,icVlv,0.5505975275897419,0.11878684148071322
VO2_total,m1_lv,icPa_syst,0.5491497838713271,0.1213615930546715
VO2_total,Emax_la,Cmicro_LCX,0.5432035251618075,0.11443668713184135
VO2_total,Emin_la,Cmicro_LCX,0.5335481636504271,0.11179128565297111
VO2_total,Emin_la,icPv_syst,0.5317809380146652,0.11938125921138008
VO2_total,Emax_lv,icPv_syst,0.519561503031861,0.11153947721617422
VO2_total,Emax_la,Cmicro_RCA,0.4939619353657771,0.10231496488981683
VO2_total,Emax_la,Rmicro_max_LCX,0.49298611323478336,0.1042573259953567
VO2_total,Emin_la,Cmicro_RCA,0.48675020514009165,0.10244947346703537
VO2_total,Emin_la,Rmicro_max_LCX,0.4862133124751553,0.10323195601361183
VO2_total,Emax_lv,hypertrophy_factor,0.4833203987053799,0.10073803641490561
VO2_total,V0lv,icPv_syst,0.48202507545739365,0.11344979273354633
VO2_total,Emax_la,Rmicro_max_RCA,0.4722259274310344,0.11338685704581622
VO2_total,Emin_la,Rmicro_max_RCA,0.46577036671897565,0.11216206532037627
VO2_total,Emin_lv,icPv_syst,0.46439592876269015,0.11122069894450758
VO2_total,m1_lv,icPv_syst,0.46064052579083997,0.11187854971093311
VO2_total,Kvc_av,icVlv,0.45054510078162546,0.11606332808835654
VO2_total,V0lv,hypertrophy_factor,0.44669251070853144,0.10271411059187176
VO2_total,Emax_lv,Cmicro_LCX,0.4453848983370817,0.09637538900761246
VO2_total,Kvc_av,icPa_syst,0.443176761002939,0.1166796209879829
VO2_total,Amax_av,icVlv,0.4371714331275748,0.10671354623079626
VO2_total,Amax_av,icPa_syst,0.43231840926975507,0.10920298558357541
VO2_total,V0lv,Cmicro_LCX,0.42995552885718846,0.10036079333500843
VO2_total,m1_lv,hypertrophy_factor,0.4265983788572567,0.09929781462674697
VO2_total,Emin_lv,hypertrophy_factor,0.42380709090941227,0.09884534025284392
VO2_total,m1_lv,Cmicro_LCX,0.4111991190059502,0.09745128498569208
VO2_total,Emin_lv,Cmicro_LCX,0.4091103906021194,0.09684419571603181
VO2_total,Emax_la,Cmicro_LAD,0.4055087707210808,0.08877436797967873
VO2_total,Emax_lv,Cmicro_RCA,0.40534497287499677,0.09039761186805993
VO2_total,Emin_la,Cmicro_LAD,0.4029706098323078,0.08952697970182652
VO2_total,Emax_la,Cv_syst,0.4023568807807021,0.08904890128363643
VO2_total,Emin_la,Cv_syst,0.4007661583196359,0.08809596126075661
VO2_total,Emax_lv,Rmicro_max_LCX,0.39395905617645566,0.08617883396052532
VO2_total,Emin_la,Rmicro_max_LAD,0.3870433162556203,0.09502503807779202
VO2_total,Emax_la,Rmicro_max_LAD,0.3824636869902831,0.09402468498110497
VO2_total,V0lv,Cmicro_RCA,0.38055329189548276,0.09129631442881973
VO2_total,Emax_la,Rv_syst,0.3727356199721425,0.08972425012968861
VO2_total,Emin_la,Rv_syst,0.36725087183541166,0.08827773333249932
VO2_total,Emin_lv,Cmicro_RCA,0.3659124590003547,0.08827100150012447
VO2_total,Emax_lv,Rmicro_max_RCA,0.36586637320213644,0.08976503277729768
VO2_total,V0lv,Rmicro_max_LCX,0.3642323105319675,0.08924469446545814
VO2_total,m1_lv,Cmicro_RCA,0.36153252130742913,0.08741805800838348
VO2_total,Kvc_av,hypertrophy_factor,0.3568116527941244,0.09939413950609433
VO2_total,Kvc_av,icPv_syst,0.35205412749803905,0.1071093047200505
VO2_total,m1_lv,Rmicro_max_LCX,0.34480819680646846,0.08767927732730282
VO2_total,Amax_av,icPv_syst,0.3446346820689505,0.09843905996701467
VO2_total,Kvc_av,Cmicro_LCX,0.3431125155650503,0.0998031527617155
VO2_total,Emax_lv,Cv_syst,0.33983034044925275,0.07427254906957247
VO2_total,Emin_lv,Rmicro_max_LCX,0.3393423068709769,0.08530793241492336
VO2_total,V0lv,Rmicro_max_RCA,0.3317910757763216,0.09263958175704233
VO2_total,Emax_lv,Rmicro_max_LAD,0.33146169834432493,0.08310441244794974
VO2_total,HR,icVlv,0.3277501474315361,0.10297886862728978
VO2_total,Amax_av,hypertrophy_factor,0.3229914477313778,0.08882114731941562
VO2_total,Emin_la,HR,0.32148435478275617,0.07881272071774303
VO2_total,m1_lv,Rmicro_max_RCA,0.3144015482840006,0.09174052655329298
VO2_total,HR,icPa_syst,0.31420268979223076,0.10127193469195218
VO2_total,Emax_lv,Cmicro_LAD,0.3118965385869594,0.07367016656858658
VO2_total,Emax_la,HR,0.31084920375957803,0.07741426928851829
VO2_total,Emin_lv,Rmicro_max_RCA,0.3107492683228277,0.0895477626217885
VO2_total,Emax_lv,Rv_syst,0.3095484955786448,0.07468601158695115
VO2_total,Emin_la,Amax_av,0.30734656786756404,0.0726183876711542
VO2_total,Amax_av,Cmicro_LCX,0.30338894760523605,0.08726716185918815
VO2_total,Emax_la,Amax_av,0.29746782418286416,0.07143162451467752
VO2_total,Emin_la,V0lv,0.2969798909647035,0.0739612344976325
VO2_total,Kvc_av,Cmicro_RCA,0.2957348883828839,0.091516028662571
VO2_total,Emin_la,Ca_syst,0.2950665485774068,0.07999982447940761
VO2_total,V0lv,Cmicro_LAD,0.28969083794170825,0.07807408540686497
VO2_total,Emax_la,Ca_syst,0.2870375004991699,0.07848415197340727
VO2_total,Emax_la,V0lv,0.2861635969760972,0.07237776527456634
VO2_total,Emin_la,Kvc_av,0.2838706205042943,0.07307787197929397
VO2_total,Emax_la,Kvc_av,0.27385282737288685,0.07156451964019858
VO2_total,m1_lv,Cmicro_LAD,0.2697390392766078,0.07688754547910745
VO2_total,Kvc_av,Rmicro_max_LCX,0.26946462764033474,0.09139486359373308
VO2_total,Emin_lv,Cmicro_LAD,0.2686442470815149,0.07431472573435137
VO2_total,Emin_lv,Cv_syst,0.26725856073870213,0.06782632290712601
VO2_total,V0lv,Cv_syst,0.25903646051638385,0.0688622898788514
VO2_total,HR,hypertrophy_factor,0.25858586823930696,0.0885275591655587
VO2_total,Amax_av,Cmicro_RCA,0.2584948486356282,0.07841904349377568
VO2_total,Emin_la,Ra_syst,0.25770902539610213,0.05313345667063238
VO2_total,Emin_lv,Rmicro_max_LAD,0.2520711758480545,0.07811125657334894
VO2_total,Amax_av,Rmicro_max_LCX,0.2496442890305117,0.0795827192813467
VO2_total,Emax_la,Ra_syst,0.24822205021897853,0.05089935122165169
VO2_total,V0lv,Rmicro_max_LAD,0.24364410245979148,0.07722208164259566
VO2_total,m1_lv,Cv_syst,0.24175516639872516,0.0671936389053805
VO2_total,Kvc_av,Rmicro_max_RCA,0.23793214740725704,0.09370337970762763
VO2_total,Emin_lv,Rv_syst,0.23643930426654863,0.06834051691415194
VO2_total,HR,icPv_syst,0.2363738306662671,0.09599049029727048
VO2_total,HR,Cmicro_LCX,0.23348995506866455,0.08707278505783539
VO2_total,Cv_syst,icVlv,0.23047402641074835,0.0995791207912783
VO2_total,V0lv,Rv_syst,0.22915297703763887,0.06871114457966379
VO2_total,Ca_syst,icVlv,0.22863095782442058,0.08720777310610087
VO2_total,Emax_lv,HR,0.2275251868472508,0.05208704129228052
VO2_total,m1_lv,Rmicro_max_LAD,0.22575141446888455,0.0765235746992823
VO2_total,Amax_av,Rmicro_max_RCA,0.22404760675896795,0.08266266728720367
VO2_total,m1_lv,Rv_syst,0.22154342991612747,0.06835856667690984
VO2_total,Emax_lv,Amax_av,0.21607284990913067,0.041664059252969995
VO2_total,Ca_syst,icPa_syst,0.21359337925577404,0.08363494717991861
VO2_total,Cv_syst,icPa_syst,0.21324949872764454,0.09525426477179215
VO2_total,Kvc_av,Cmicro_LAD,0.20381890487378188,0.07978198830766758
VO2_total,Ra_syst,icVlv,0.2027382718900231,0.08611961464616796
VO2_total,m1_lv,Amax_av,0.20003745987793564,0.03692415141737028
VO2_total,Emax_lv,Ca_syst,0.19927193767866175,0.05400229608623507
VO2_total,Emax_la,m1_lv,0.19721894215302344,0.03863276330867812
VO2_total,Emax_lv,Kvc_av,0.19129249893349587,0.04556350112126699
VO2_total,HR,Cmicro_RCA,0.1904998678311804,0.07874668483446746
VO2_total,Emax_lv,Ra_syst,0.19004379603888877,0.047385230955708
VO2_total,m1_lv,V0lv,0.18970469799690073,0.0432636716755398
VO2_total,Ra_syst,icPa_syst,0.1878002420620007,0.08158981574439136
VO2_total,Amax_av,Cmicro_LAD,0.184031213829736,0.06884365223002518
VO2_total,Emax_lv,m1_lv,0.18327116802719712,0.04378010729185744
VO2_total,Emax_lv,V0lv,0.18129469625921538,0.04479722289880467
VO2_total,Emin_lv,Ra_syst,0.1729753182293512,0.0469123333708982
VO2_total,Emax_la,Emin_la,0.17178160414735322,0.0405947583401402
VO2_total,Emin_la,Emax_lv,0.17064392886619972,0.03838927335133275
VO2_total,Kvc_av,Cv_syst,0.16680348372924556,0.06900212340901993
VO2_total,V0lv,Ra_syst,0.16508330295149132,0.047373325306824275
VO2_total,Ca_syst,hypertrophy_factor,0.15700511674743867,0.07658665405923572
VO2_total,HR,Rmicro_max_LCX,0.1560246844909027,0.07495511946319722
VO2_total,Emin_lv,HR,0.1556116998446123,0.04605104973581638
VO2_total,Emax_lv,Emin_lv,0.15444249815077182,0.041898792314184224
VO2_total,Emax_la,Emax_lv,0.15347857664811992,0.03346665299762582
VO2_total,Emin_la,m1_lv,0.15297507521080506,0.036322304234073184
VO2_total,Ca_syst,icPv_syst,0.15143311736746318,0.08351304201897199
VO2_total,Kvc_av,Rv_syst,0.15115308643909703,0.07236605155176437
VO2_total,Cv_syst,icPv_syst,0.1508257280416651,0.09482398066146615
VO2_total,Emin_lv,m1_lv,0.150259010970955,0.04305289489257095
VO2_total,Amax_av,Cv_syst,0.1498591523979583,0.05855009669879631
VO2_total,m1_lv,Ra_syst,0.14931297510131508,0.04616396128949941
VO2_total,V0lv,HR,0.14671671717985704,0.04632490919918703
VO2_total,Emin_la,Emin_lv,0.14594102094255454,0.038214837941034745
VO2_total,Kvc_av,Rmicro_max_LAD,0.14568140545065736,0.07699723060039348
VO2_total,Amax_av,Rv_syst,0.13494212393964566,0.06087782504080108
VO2_total,Ca_syst,Cmicro_LCX,0.134187920558751,0.07543129342223506
VO2_total,m1_lv,HR,0.13268285137178978,0.04491331434072576
VO2_total,Emin_lv,V0lv,0.13069984762921844,0.04095571789389827
VO2_total,Emin_lv,Amax_av,0.1306669874151707,0.0345321374017626
VO2_total,Emax_la,Emin_lv,0.13022819114050688,0.03261979287603146
VO2_total,Amax_av,Rmicro_max_LAD,0.12988949912056527,0.06675558883522753
VO2_total,Ra_syst,icPv_syst,0.12577877961100703,0.07879218204907762
VO2_total,Emin_lv,Ca_syst,0.12437119864867674,0.046942493758349677
VO2_total,HR,Rmicro_max_RCA,0.12394811116909354,0.0777322644132248
VO2_total,Emin_lv,Kvc_av,0.11813736652471321,0.039615213154345894
VO2_total,V0lv,Ca_syst,0.11661061726855651,0.04720089874825504
VO2_total,m1_lv,Kvc_av,0.11069328740324741,0.038674920095374495
VO2_total,V0lv,Kvc_av,0.1100858919345214,0.03982921687841589
VO2_total,V0lv,Amax_av,0.10803130583938095,0.03593910593202882
VO2_total,Rv_syst,icVlv,0.10315548125897281,0.08182034749783637
VO2_total,Cv_syst,hypertrophy_factor,0.10245215623797999,0.07663244237193487
VO2_total,m1_lv,Ca_syst,0.09773656919652729,0.045950577871243695
VO2_total,HR,Cmicro_LAD,0.09480752161033792,0.06868815607794831
VO2_total,Ca_syst,Cmicro_RCA,0.0922203380383731,0.06689252304217777
VO2_total,Rv_syst,icPa_syst,0.08869162440625711,0.07767200850401006
VO2_total,Rmicro_max_LAD,icVlv,0.08300468814042897,0.08495140931415456
VO2_total,Cv_syst,Cmicro_LCX,0.08150884620897925,0.07526340604033033
VO2_total,Ra_syst,hypertrophy_factor,0.07316776678671699,0.05929546652224092
VO2_total,Kvc_av,HR,0.06828392598091601,0.04996667052649535
VO2_total,Rmicro_max_LAD,icPa_syst,0.06676613766402895,0.08012422514336515
VO2_total,Ca_syst,Cmicro_LAD,0.056553493838073426,0.06507926434424738
VO2_total,Ca_syst,Rmicro_max_LCX,0.056464759694250605,0.06363341291424213
VO2_total,Amax_av,Kvc_av,0.05626145069492186,0.03457140798983315
VO2_total,Ra_syst,Cmicro_LCX,0.054201537554884494,0.05798186672153018
VO2_total,Amax_av,Ra_syst,0.05386882517958626,0.03395791665182786
VO2_total,Amax_av,HR,0.044376439666379164,0.034477847767609336
VO2_total,HR,Rv_syst,0.04177334927941442,0.05723583011414624
VO2_total,Cv_syst,Cmicro_RCA,0.040691325262101896,0.06666742233825969
VO2_total,HR,Rmicro_max_LAD,0.036883480182448275,0.0633142275590023
VO2_total,HR,Cv_syst,0.03593638505934699,0.05324210816942798
VO2_total,Rmicro_max_LCX,icVlv,0.033980679301236855,0.07463943418224453
VO2_total,Ra_syst,Cmicro_RCA,0.02622491315846398,0.05775197638585564
VO2_total,Kvc_av,Ca_syst,0.02597813349856598,0.05526716518481565
VO2_total,Rv_syst,icPv_syst,0.025841414176212774,0.07362694789886426
VO2_total,Ca_syst,Rmicro_max_RCA,0.025656828048872093,0.06682028075980412
VO2_total,Rmicro_max_LCX,icPa_syst,0.021446274622539535,0.0707886180765154
VO2_total,Rmicro_max_LAD,icPv_syst,0.0168586960992701,0.08142855703324199
