,mu_star_noAS_Pa_syst_mean,sigma_noAS_Pa_syst_mean,mu_star_AS_Pa_syst_mean,sigma_AS_Pa_syst_mean,mu_star_noAS_CO_lv,sigma_noAS_CO_lv,mu_star_AS_CO_lv,sigma_AS_CO_lv,mu_star_noAS_Ein,sigma_noAS_Ein,mu_star_AS_Ein,sigma_AS_Ein,mu_star_noAS_VO2_total,sigma_noAS_VO2_total,mu_star_AS_VO2_total,sigma_AS_VO2_total,mu_star_noAS_DeltaE,sigma_noAS_DeltaE,mu_star_AS_DeltaE,sigma_AS_DeltaE
Amax_av,0.003081281138951991,0.007489735214863054,0.10973522556867982,0.17096921152178177,0.0030489558525680495,0.0064361811412292,0.13919148083495744,0.17494293757166254,0.002162326283019827,0.0035977108414970414,0.08286711499615916,0.16413295353064608,0.0034900331161930977,0.007834696637273611,0.0823317468654351,0.14040480982835205,0.00549940882310658,0.011268919970410731,0.10763570453335457,0.18073720551766986
Ca_pulm,0.03164610413188749,0.036523997915231456,0.055666110310592855,0.08060613839971299,0.05049691210504687,0.08929121724378396,0.047443206441810465,0.06459920431804651,0.02927986200543062,0.039315381727859776,0.06258551846508188,0.11492002850227477,0.08179741720542319,0.1460113614922054,0.08205005424312377,0.1275109684614696,0.06249965647222609,0.1096370371591911,0.06799398193274654,0.1350978341813218
Ca_syst,0.06838577935534577,0.1029978897502877,0.0698082252490185,0.10493779817148409,0.10019075202300796,0.17971008356360813,0.06327576875568418,0.1003437898280512,0.05458616997436844,0.09269475314020915,0.06376669342810573,0.09739044540541988,0.11790227607881895,0.24171542084503123,0.06945647312045243,0.11789395310770397,0.09315813164506506,0.15799445088750774,0.07514590281536475,0.1345598916555165
Cv_pulm,0.10166607154681659,0.14659177429005069,0.14742627812877862,0.18224652700858915,0.12725452730240233,0.17388487793656826,0.13763775806029355,0.1343761143259019,0.0853523877922076,0.12197544560292431,0.14185045581981284,0.22411077882650102,0.12640706854347497,0.18809505520474357,0.1549356282336629,0.18523852466283322,0.08130114518292626,0.13482392043739505,0.11059271866287372,0.17496834191763974
Cv_syst,0.2613634781757429,0.3648002506015731,0.29764563124794735,0.4011463774988557,0.30325372864330874,0.40568676731529413,0.33281744281740056,0.3669498941820076,0.20376273656731217,0.3091141868605971,0.3004159871160372,0.40835525937663314,0.35384214004889303,0.5429557725388856,0.421097423119287,0.5069970458734806,0.2640163109906856,0.42486598115134827,0.3341399095328263,0.45026195586116025
Emax_la,0.0687890841383217,0.0977796146481394,0.07719737612503762,0.10857632405155067,0.08756989843009456,0.10420504557602728,0.07105383498136503,0.09605317910787614,0.05313128884668663,0.07414612676574628,0.08252813413348722,0.1263098597809624,0.04851855248660142,0.07422902070349245,0.0749501036400177,0.14467647225383906,0.04349041840784247,0.07515382776240404,0.07156508556477569,0.14604759803265724
Emax_lv,0.17097565563444828,0.29489274745328814,0.11759747762774847,0.12901266697858044,0.13451680867863053,0.13394374649790763,0.12285697902187528,0.12739420388140785,0.12179685587050008,0.18919007852539807,0.15842383861479845,0.18376017888841106,0.08405387825800463,0.13561037566045522,0.08396002280022624,0.12389203708328367,0.23102881868910635,0.2992654788287285,0.12108341216053367,0.17113799382276307
Emax_ra,0.02041784652629466,0.02561558902429421,0.023918684101104152,0.030033840691372837,0.05388879930991922,0.06090735313747483,0.04963028725805576,0.047510013956053504,0.026926357411146372,0.0335618159699876,0.037181834992109745,0.05021846230566658,0.04378525761954489,0.0597260286903216,0.04811346329518884,0.07318598371295326,0.030682885049222924,0.05192971380857276,0.035932410157690386,0.07067003527042247
Emax_rv,0.06425512616958078,0.0757875936609297,0.06472531227420047,0.07814342611905133,0.166068907358841,0.1731445114128788,0.12462004999409895,0.1203994446239873,0.08640110339237139,0.08211457270914703,0.10483305511786684,0.11286669613303991,0.08265518445353673,0.11985856285702452,0.0998692548938704,0.1731976064621533,0.1104742336726897,0.16552633450505183,0.11000554115382964,0.19645268963954787
Emin_la,0.03177566971523289,0.06066119612457077,0.058928959967761436,0.0918332781275032,0.04524472321367103,0.06616832609277357,0.06382610597427549,0.09432293043100427,0.03354435496753329,0.06653256202061543,0.06313853938439205,0.0983496067534055,0.02385684058199517,0.0472531010757218,0.05047933275725189,0.10044102428827323,0.03978979399026307,0.0661158265255543,0.06109042946410375,0.11726598626009764
Emin_lv,0.2795825981893698,0.2723059136542525,0.3124098952270829,0.3043638070962722,0.35474595170293804,0.2832620646865325,0.36266567243511294,0.3256430520985299,0.278404544634255,0.35326028778066604,0.32285366979893576,0.3071950721498154,0.3334828364656801,0.31854287753032495,0.31297541348845626,0.4177728650764316,0.2664016316088497,0.4039138716365819,0.30953744471372846,0.5760836456472597
Emin_ra,0.07720085154880167,0.1844038676521722,0.07262246818974269,0.12057346519795524,0.12777139350535627,0.17012568360640642,0.1151683411682573,0.12980037153180707,0.08260964074526134,0.15205015434163685,0.1039757155864959,0.20575394852043782,0.08710781102358427,0.15441678973608183,0.09685852359875567,0.17278617412092495,0.06549265036054241,0.1441679752396758,0.07463231939697444,0.14282613640561717
Emin_rv,0.13293108139934975,0.22095198095114033,0.1229669786908564,0.1854586838569603,0.21152960713104435,0.18194070968008597,0.24524662064039582,0.23514927159916688,0.18210669348437092,0.21625859366733677,0.1650391880135777,0.15569025358984526,0.2912594087962459,0.36010818369495673,0.2536585713794642,0.26855517794182976,0.21923892699735478,0.3483236856027074,0.19800907527911524,0.2992450262090194
HR,0.10353667457187528,0.12878940096083472,0.08867038772494157,0.12832898883944413,0.16946570793831015,0.1493304958058817,0.10932276531451275,0.15979010168662688,0.4518132838843085,0.42664622994332296,0.48150656795786806,0.3571603617913733,0.17194662968577765,0.23068844949595801,0.15640228102408682,0.2533820021477761,0.4249221343718056,0.42050546097751595,0.34355779053293195,0.41686816435756413
Kvc_av,0.02762141945172159,0.07198670860748091,0.006345310376435936,0.01749892121024429,0.019169703078449025,0.030597936327848616,0.00648893031828057,0.011926048913000342,0.021051569686822234,0.047547410105681226,0.008068766276481789,0.020131649806177754,0.011891256877716392,0.023369487637355742,0.004822103847323473,0.010828803279952245,0.03462791639856111,0.06570112905595994,0.012846821265129217,0.030127816140786436
Kvc_pv,0.013657147358517132,0.030107667719935654,0.024956850831797894,0.045445645687400206,0.021592173588692937,0.035642865856082305,0.02361190432063868,0.03224021243483268,0.021848431457779635,0.062165071430606116,0.03412556873441167,0.06610728459083674,0.0373969833592365,0.08765861585868986,0.020890723313905582,0.040294618614596434,0.05183481552450104,0.1086543476898557,0.038759911394632175,0.06176884345203944
Ra_pulm,0.12423097956259946,0.15827200306523226,0.12325828075134933,0.1272399532628283,0.20700015388851875,0.1962809124554433,0.16810323641347227,0.14048810681378635,0.13734040088483887,0.1944999637027416,0.13865726562596697,0.12921601135826008,0.1344471882462952,0.24419246441675027,0.13045731907207261,0.2317419908076679,0.2099460301649747,0.23241284704462112,0.14845142792868524,0.2483002808474469
Ra_syst,0.639615823743154,0.5155356447179237,0.5026301067325709,0.40828719231744603,0.30752582126592565,0.2807510924183636,0.2521458883783909,0.2536831224412955,0.567268553793855,0.45329039665666754,0.5268867276532102,0.4468102190227324,0.19836804033904373,0.2652775199227615,0.07480664125541968,0.15396893972497896,0.48865366537593885,0.547544514552334,0.412599769278499,0.39329434718037926
Rmicro_max_LAD,0.0043313376557569516,0.006671714341458657,0.005495624003250825,0.006891862676040546,0.004592832893750781,0.007960021383181968,0.003717875543149091,0.005527757190588178,0.11660313100550644,0.10992996442376107,0.15638909850743363,0.16047007866147384,0.0023102479857731208,0.004879073976025932,0.0016494718121092032,0.003696748253294371,0.17016676063286756,0.19418692109170993,0.13807164865089747,0.2470364487056651
Rmicro_max_LCX,0.0037821252717425715,0.005464876856861206,0.00652944818876088,0.008673431012554696,0.004454146960960299,0.006365185968267827,0.003622454015969059,0.004068425980438619,0.10791035823881986,0.09983471839259736,0.13819483549653988,0.14712123815115533,0.001507621304827143,0.002870074581434827,0.002134540210530863,0.004332525914269539,0.1557371755198882,0.1717919377271416,0.12072543634852217,0.12152235766351478
Rmicro_max_RCA,0.0032539602969705894,0.0037516018016202084,0.004438133847424959,0.0053806630346578095,0.0026906926428461177,0.003913140647711879,0.0030035064523236147,0.0039963613538839884,0.08391354413748091,0.08194307395226756,0.10851799184139868,0.10343510396973414,0.0013807505532649508,0.0025030526586605267,0.0014005944531273384,0.0029896865138013744,0.10539853616063671,0.11353154786141499,0.10105684440092193,0.10912676934005065
Rpa,0.026632991850015823,0.030904736484192615,0.014643978180393513,0.020707388697807326,0.05027333868718771,0.04680070977211958,0.03160825144164334,0.034587145552380606,0.03448220987376811,0.05596060332348679,0.02106004292764938,0.03129162851784094,0.05616803366945161,0.10926402575175867,0.02198222096078024,0.040005094251320115,0.07180424666192045,0.1265011793969398,0.03650452238552027,0.04632873804763412
Rv_pulm,0.06321140510053823,0.11545403020888732,0.06021693373217732,0.07813441773964663,0.07375864002008692,0.11230164466791724,0.07898168743748081,0.12741366641391827,0.06194317360791745,0.1303400236416284,0.06225975014300464,0.08146437860294509,0.055771250631643295,0.10395588453403311,0.0542034276563623,0.09598836860693657,0.060962510229245655,0.11849904555921305,0.048370887469306935,0.08358815876235466
Rv_syst,0.08125342325059927,0.15037459844227802,0.07149035107811466,0.11049386146160294,0.17470624506794957,0.20042207966349015,0.09876973184938898,0.11344499113117777,0.07547429931015241,0.1357037251641364,0.07989249979377194,0.1302029904973394,0.15076026913413942,0.27163829979089615,0.08004831241227152,0.12224228510133486,0.16104555321779232,0.31339571452953324,0.10090552681171222,0.1744441621284358
V0la,0.0250660805341281,0.03121346630683756,0.03019903135829759,0.03017258864986847,0.028150800943096122,0.024973405542928793,0.029985249440248937,0.027040144312728474,0.020620759744964044,0.027407402972375018,0.02396468204519525,0.030184425212633613,0.045809843976865765,0.12509070214289755,0.027372160775851775,0.041119779663972456,0.024451413246983692,0.047557860498937246,0.019856202680777875,0.0340928624659611
icPa_syst,0.050817150415066285,0.06618089964643219,0.07937018851192097,0.11649746164901749,0.08268752440261798,0.09530390037500558,0.07715146743728983,0.08555471290931119,0.04113637886456909,0.05351498665940659,0.06370974168966158,0.09586063424359433,0.07724733742614681,0.13088749221963175,0.05826291406120337,0.09184404800144516,0.04821010565091393,0.09014377484808335,0.05419450880874779,0.08367994370971933
icPv_pulm,0.08612485487642586,0.12465613215655268,0.07346372510544243,0.09196846376999979,0.08579447435691478,0.07998882535569583,0.07097987400949744,0.09230036572237708,0.05988797541204769,0.08062517043474066,0.05904069770165621,0.08112412357834776,0.09366083840281975,0.11045022107533578,0.06671272974923109,0.09310317101381235,0.06700594712762913,0.10068120822683987,0.05911959950028851,0.09843019508033883
icPv_syst,0.4391769501082439,0.34765402251759125,0.5834761474353205,0.4186286157791016,0.6095658515736149,0.3849912271715785,0.5580812367805186,0.3933785983595397,0.38068090813834443,0.3734996995628315,0.5105541184898739,0.4089159761621631,0.6125904330420052,0.45064664251279485,0.5616648970447796,0.45516020649720035,0.47862047608634123,0.5699821480591184,0.37508772939556356,0.4976368077180668
icVlv,0.03691370380708301,0.058422402159871316,0.021447661981489032,0.03075727927408002,0.03285140529716572,0.04238300247719546,0.02277697083460297,0.03196570868900158,0.03250596626934763,0.051129219521082805,0.016216261579423855,0.026363672251793632,0.036467803852955206,0.06215162065051702,0.023906427150126888,0.04210928268630997,0.025718076089965163,0.038840168750810686,0.014807367220919753,0.023561048517025156
icVrv,0.03634150439883862,0.03986068108377545,0.03836807634637088,0.04846337770435609,0.04449467901518982,0.040026598346914966,0.03703617687988032,0.035797426735319056,0.026156701702218173,0.029036852731880405,0.040279954914832175,0.05847349295648228,0.04074597836637115,0.03767464800975903,0.03728864297124123,0.052449511255586195,0.03355158354638961,0.0459264407090896,0.040939292358732254,0.08154600219003642
